{"v":"5.2.1","fr":60,"ip":0,"op":210,"w":720,"h":720,"nm":"Nice and Clean","ddd":0,"assets":[],"layers":[{"ddd":0,"ind":1,"ty":4,"nm":"Shape Layer 15","sr":1,"ks":{"o":{"a":0,"k":100,"ix":11},"r":{"a":0,"k":0,"ix":10},"p":{"a":0,"k":[615.625,343.75,0],"ix":2},"a":{"a":0,"k":[-28,86,0],"ix":1},"s":{"a":1,"k":[{"i":{"x":[0,0,0.667],"y":[1,1,1]},"o":{"x":[0,0,0.333],"y":[0,0,0]},"n":["0_1_0_0","0_1_0_0","0p667_1_0p333_0"],"t":127,"s":[0,0,100],"e":[23.846,23.846,100]},{"i":{"x":[1,1,0.667],"y":[1,1,1]},"o":{"x":[1,1,0.333],"y":[0,0,0]},"n":["1_1_1_0","1_1_1_0","0p667_1_0p333_0"],"t":157,"s":[23.846,23.846,100],"e":[0,0,100]},{"t":187}],"ix":6}},"ao":0,"shapes":[{"ty":"gr","it":[{"ind":0,"ty":"sh","ix":1,"ks":{"a":0,"k":{"i":[[0,0],[23.5,-24],[0,0],[-13,-21.5],[0,0],[-16,8],[0,0],[13.5,14]],"o":[[0,0],[-51.5,24.5],[0,0],[13,21.5],[0,0],[16,-8],[0,0],[-13.5,-14]],"v":[[-29,-17],[-59,58],[-132.5,86],[-52.5,124.5],[-29.5,190.5],[5.5,112.5],[76,86.5],[0,56.5]],"c":true},"ix":2},"nm":"Path 1","mn":"ADBE Vector Shape - Group","hd":false},{"ty":"st","c":{"a":0,"k":[1,1,1,1],"ix":3},"o":{"a":0,"k":100,"ix":4},"w":{"a":0,"k":19,"ix":5},"lc":1,"lj":1,"ml":4,"ml2":{"a":0,"k":4,"ix":8},"nm":"Stroke 1","mn":"ADBE Vector Graphic - Stroke","hd":true},{"ty":"fl","c":{"a":0,"k":[1,1,1,1],"ix":4},"o":{"a":0,"k":100,"ix":5},"r":1,"nm":"Fill 1","mn":"ADBE Vector Graphic - Fill","hd":false},{"ty":"tr","p":{"a":0,"k":[0,0],"ix":2},"a":{"a":0,"k":[0,0],"ix":1},"s":{"a":0,"k":[100,100],"ix":3},"r":{"a":0,"k":0,"ix":6},"o":{"a":0,"k":100,"ix":7},"sk":{"a":0,"k":0,"ix":4},"sa":{"a":0,"k":0,"ix":5},"nm":"Transform"}],"nm":"Shape 1","np":3,"cix":2,"ix":1,"mn":"ADBE Vector Group","hd":false}],"ip":127,"op":187,"st":55,"bm":0},{"ddd":0,"ind":2,"ty":4,"nm":"Shape Layer 14","sr":1,"ks":{"o":{"a":0,"k":100,"ix":11},"r":{"a":0,"k":0,"ix":10},"p":{"a":0,"k":[555.625,163.75,0],"ix":2},"a":{"a":0,"k":[-28,86,0],"ix":1},"s":{"a":1,"k":[{"i":{"x":[0,0,0.667],"y":[1,1,1]},"o":{"x":[0,0,0.333],"y":[0,0,0]},"n":["0_1_0_0","0_1_0_0","0p667_1_0p333_0"],"t":116,"s":[0,0,100],"e":[35.846,35.846,100]},{"i":{"x":[1,1,0.667],"y":[1,1,1]},"o":{"x":[1,1,0.333],"y":[0,0,0]},"n":["1_1_1_0","1_1_1_0","0p667_1_0p333_0"],"t":146,"s":[35.846,35.846,100],"e":[0,0,100]},{"t":176}],"ix":6}},"ao":0,"shapes":[{"ty":"gr","it":[{"ind":0,"ty":"sh","ix":1,"ks":{"a":0,"k":{"i":[[0,0],[23.5,-24],[0,0],[-13,-21.5],[0,0],[-16,8],[0,0],[13.5,14]],"o":[[0,0],[-51.5,24.5],[0,0],[13,21.5],[0,0],[16,-8],[0,0],[-13.5,-14]],"v":[[-29,-17],[-59,58],[-132.5,86],[-52.5,124.5],[-29.5,190.5],[5.5,112.5],[76,86.5],[0,56.5]],"c":true},"ix":2},"nm":"Path 1","mn":"ADBE Vector Shape - Group","hd":false},{"ty":"st","c":{"a":0,"k":[1,1,1,1],"ix":3},"o":{"a":0,"k":100,"ix":4},"w":{"a":0,"k":19,"ix":5},"lc":1,"lj":1,"ml":4,"ml2":{"a":0,"k":4,"ix":8},"nm":"Stroke 1","mn":"ADBE Vector Graphic - Stroke","hd":true},{"ty":"fl","c":{"a":0,"k":[1,1,1,1],"ix":4},"o":{"a":0,"k":100,"ix":5},"r":1,"nm":"Fill 1","mn":"ADBE Vector Graphic - Fill","hd":false},{"ty":"tr","p":{"a":0,"k":[0,0],"ix":2},"a":{"a":0,"k":[0,0],"ix":1},"s":{"a":0,"k":[100,100],"ix":3},"r":{"a":0,"k":0,"ix":6},"o":{"a":0,"k":100,"ix":7},"sk":{"a":0,"k":0,"ix":4},"sa":{"a":0,"k":0,"ix":5},"nm":"Transform"}],"nm":"Shape 1","np":3,"cix":2,"ix":1,"mn":"ADBE Vector Group","hd":false}],"ip":116,"op":176,"st":44,"bm":0},{"ddd":0,"ind":3,"ty":4,"nm":"Shape Layer 13","sr":1,"ks":{"o":{"a":0,"k":100,"ix":11},"r":{"a":0,"k":0,"ix":10},"p":{"a":0,"k":[349.625,144.75,0],"ix":2},"a":{"a":0,"k":[-28,86,0],"ix":1},"s":{"a":1,"k":[{"i":{"x":[0,0,0.667],"y":[1,1,1]},"o":{"x":[0,0,0.333],"y":[0,0,0]},"n":["0_1_0_0","0_1_0_0","0p667_1_0p333_0"],"t":105,"s":[0,0,100],"e":[6.846,6.846,100]},{"i":{"x":[1,1,0.667],"y":[1,1,1]},"o":{"x":[1,1,0.333],"y":[0,0,0]},"n":["1_1_1_0","1_1_1_0","0p667_1_0p333_0"],"t":135,"s":[6.846,6.846,100],"e":[0,0,100]},{"t":165}],"ix":6}},"ao":0,"shapes":[{"ty":"gr","it":[{"ind":0,"ty":"sh","ix":1,"ks":{"a":0,"k":{"i":[[0,0],[23.5,-24],[0,0],[-13,-21.5],[0,0],[-16,8],[0,0],[13.5,14]],"o":[[0,0],[-51.5,24.5],[0,0],[13,21.5],[0,0],[16,-8],[0,0],[-13.5,-14]],"v":[[-29,-17],[-59,58],[-132.5,86],[-52.5,124.5],[-29.5,190.5],[5.5,112.5],[76,86.5],[0,56.5]],"c":true},"ix":2},"nm":"Path 1","mn":"ADBE Vector Shape - Group","hd":false},{"ty":"st","c":{"a":0,"k":[1,1,1,1],"ix":3},"o":{"a":0,"k":100,"ix":4},"w":{"a":0,"k":19,"ix":5},"lc":1,"lj":1,"ml":4,"ml2":{"a":0,"k":4,"ix":8},"nm":"Stroke 1","mn":"ADBE Vector Graphic - Stroke","hd":true},{"ty":"fl","c":{"a":0,"k":[1,1,1,1],"ix":4},"o":{"a":0,"k":100,"ix":5},"r":1,"nm":"Fill 1","mn":"ADBE Vector Graphic - Fill","hd":false},{"ty":"tr","p":{"a":0,"k":[0,0],"ix":2},"a":{"a":0,"k":[0,0],"ix":1},"s":{"a":0,"k":[100,100],"ix":3},"r":{"a":0,"k":0,"ix":6},"o":{"a":0,"k":100,"ix":7},"sk":{"a":0,"k":0,"ix":4},"sa":{"a":0,"k":0,"ix":5},"nm":"Transform"}],"nm":"Shape 1","np":3,"cix":2,"ix":1,"mn":"ADBE Vector Group","hd":false}],"ip":105,"op":165,"st":33,"bm":0},{"ddd":0,"ind":4,"ty":4,"nm":"Shape Layer 12","sr":1,"ks":{"o":{"a":0,"k":100,"ix":11},"r":{"a":0,"k":0,"ix":10},"p":{"a":0,"k":[429.625,584.75,0],"ix":2},"a":{"a":0,"k":[-28,86,0],"ix":1},"s":{"a":1,"k":[{"i":{"x":[0,0,0.667],"y":[1,1,1]},"o":{"x":[0,0,0.333],"y":[0,0,0]},"n":["0_1_0_0","0_1_0_0","0p667_1_0p333_0"],"t":92,"s":[0,0,100],"e":[6.846,6.846,100]},{"i":{"x":[1,1,0.667],"y":[1,1,1]},"o":{"x":[1,1,0.333],"y":[0,0,0]},"n":["1_1_1_0","1_1_1_0","0p667_1_0p333_0"],"t":122,"s":[6.846,6.846,100],"e":[0,0,100]},{"t":152}],"ix":6}},"ao":0,"shapes":[{"ty":"gr","it":[{"ind":0,"ty":"sh","ix":1,"ks":{"a":0,"k":{"i":[[0,0],[23.5,-24],[0,0],[-13,-21.5],[0,0],[-16,8],[0,0],[13.5,14]],"o":[[0,0],[-51.5,24.5],[0,0],[13,21.5],[0,0],[16,-8],[0,0],[-13.5,-14]],"v":[[-29,-17],[-59,58],[-132.5,86],[-52.5,124.5],[-29.5,190.5],[5.5,112.5],[76,86.5],[0,56.5]],"c":true},"ix":2},"nm":"Path 1","mn":"ADBE Vector Shape - Group","hd":false},{"ty":"st","c":{"a":0,"k":[1,1,1,1],"ix":3},"o":{"a":0,"k":100,"ix":4},"w":{"a":0,"k":19,"ix":5},"lc":1,"lj":1,"ml":4,"ml2":{"a":0,"k":4,"ix":8},"nm":"Stroke 1","mn":"ADBE Vector Graphic - Stroke","hd":true},{"ty":"fl","c":{"a":0,"k":[1,1,1,1],"ix":4},"o":{"a":0,"k":100,"ix":5},"r":1,"nm":"Fill 1","mn":"ADBE Vector Graphic - Fill","hd":false},{"ty":"tr","p":{"a":0,"k":[0,0],"ix":2},"a":{"a":0,"k":[0,0],"ix":1},"s":{"a":0,"k":[100,100],"ix":3},"r":{"a":0,"k":0,"ix":6},"o":{"a":0,"k":100,"ix":7},"sk":{"a":0,"k":0,"ix":4},"sa":{"a":0,"k":0,"ix":5},"nm":"Transform"}],"nm":"Shape 1","np":3,"cix":2,"ix":1,"mn":"ADBE Vector Group","hd":false}],"ip":92,"op":152,"st":20,"bm":0},{"ddd":0,"ind":5,"ty":4,"nm":"Shape Layer 11","sr":1,"ks":{"o":{"a":0,"k":100,"ix":11},"r":{"a":0,"k":0,"ix":10},"p":{"a":0,"k":[546.125,493.75,0],"ix":2},"a":{"a":0,"k":[-28,86,0],"ix":1},"s":{"a":1,"k":[{"i":{"x":[0,0,0.667],"y":[1,1,1]},"o":{"x":[0,0,0.333],"y":[0,0,0]},"n":["0_1_0_0","0_1_0_0","0p667_1_0p333_0"],"t":100,"s":[0,0,100],"e":[14.846,14.846,100]},{"i":{"x":[1,1,0.667],"y":[1,1,1]},"o":{"x":[1,1,0.333],"y":[0,0,0]},"n":["1_1_1_0","1_1_1_0","0p667_1_0p333_0"],"t":130,"s":[14.846,14.846,100],"e":[0,0,100]},{"t":160}],"ix":6}},"ao":0,"shapes":[{"ty":"gr","it":[{"ind":0,"ty":"sh","ix":1,"ks":{"a":0,"k":{"i":[[0,0],[23.5,-24],[0,0],[-13,-21.5],[0,0],[-16,8],[0,0],[13.5,14]],"o":[[0,0],[-51.5,24.5],[0,0],[13,21.5],[0,0],[16,-8],[0,0],[-13.5,-14]],"v":[[-29,-17],[-59,58],[-132.5,86],[-52.5,124.5],[-29.5,190.5],[5.5,112.5],[76,86.5],[0,56.5]],"c":true},"ix":2},"nm":"Path 1","mn":"ADBE Vector Shape - Group","hd":false},{"ty":"st","c":{"a":0,"k":[1,1,1,1],"ix":3},"o":{"a":0,"k":100,"ix":4},"w":{"a":0,"k":19,"ix":5},"lc":1,"lj":1,"ml":4,"ml2":{"a":0,"k":4,"ix":8},"nm":"Stroke 1","mn":"ADBE Vector Graphic - Stroke","hd":true},{"ty":"fl","c":{"a":0,"k":[1,1,1,1],"ix":4},"o":{"a":0,"k":100,"ix":5},"r":1,"nm":"Fill 1","mn":"ADBE Vector Graphic - Fill","hd":false},{"ty":"tr","p":{"a":0,"k":[0,0],"ix":2},"a":{"a":0,"k":[0,0],"ix":1},"s":{"a":0,"k":[100,100],"ix":3},"r":{"a":0,"k":0,"ix":6},"o":{"a":0,"k":100,"ix":7},"sk":{"a":0,"k":0,"ix":4},"sa":{"a":0,"k":0,"ix":5},"nm":"Transform"}],"nm":"Shape 1","np":3,"cix":2,"ix":1,"mn":"ADBE Vector Group","hd":false}],"ip":100,"op":160,"st":28,"bm":0},{"ddd":0,"ind":6,"ty":4,"nm":"Shape Layer 10","sr":1,"ks":{"o":{"a":0,"k":100,"ix":11},"r":{"a":0,"k":0,"ix":10},"p":{"a":0,"k":[183.625,270.25,0],"ix":2},"a":{"a":0,"k":[-28,86,0],"ix":1},"s":{"a":1,"k":[{"i":{"x":[0,0,0.667],"y":[1,1,1]},"o":{"x":[0,0,0.333],"y":[0,0,0]},"n":["0_1_0_0","0_1_0_0","0p667_1_0p333_0"],"t":86,"s":[0,0,100],"e":[43.846,43.846,100]},{"i":{"x":[1,1,0.667],"y":[1,1,1]},"o":{"x":[1,1,0.333],"y":[0,0,0]},"n":["1_1_1_0","1_1_1_0","0p667_1_0p333_0"],"t":116,"s":[43.846,43.846,100],"e":[0,0,100]},{"t":146}],"ix":6}},"ao":0,"shapes":[{"ty":"gr","it":[{"ind":0,"ty":"sh","ix":1,"ks":{"a":0,"k":{"i":[[0,0],[23.5,-24],[0,0],[-13,-21.5],[0,0],[-16,8],[0,0],[13.5,14]],"o":[[0,0],[-51.5,24.5],[0,0],[13,21.5],[0,0],[16,-8],[0,0],[-13.5,-14]],"v":[[-29,-17],[-59,58],[-132.5,86],[-52.5,124.5],[-29.5,190.5],[5.5,112.5],[76,86.5],[0,56.5]],"c":true},"ix":2},"nm":"Path 1","mn":"ADBE Vector Shape - Group","hd":false},{"ty":"st","c":{"a":0,"k":[1,1,1,1],"ix":3},"o":{"a":0,"k":100,"ix":4},"w":{"a":0,"k":19,"ix":5},"lc":1,"lj":1,"ml":4,"ml2":{"a":0,"k":4,"ix":8},"nm":"Stroke 1","mn":"ADBE Vector Graphic - Stroke","hd":true},{"ty":"fl","c":{"a":0,"k":[1,1,1,1],"ix":4},"o":{"a":0,"k":100,"ix":5},"r":1,"nm":"Fill 1","mn":"ADBE Vector Graphic - Fill","hd":false},{"ty":"tr","p":{"a":0,"k":[0,0],"ix":2},"a":{"a":0,"k":[0,0],"ix":1},"s":{"a":0,"k":[100,100],"ix":3},"r":{"a":0,"k":0,"ix":6},"o":{"a":0,"k":100,"ix":7},"sk":{"a":0,"k":0,"ix":4},"sa":{"a":0,"k":0,"ix":5},"nm":"Transform"}],"nm":"Shape 1","np":3,"cix":2,"ix":1,"mn":"ADBE Vector Group","hd":false}],"ip":86,"op":146,"st":14,"bm":0},{"ddd":0,"ind":7,"ty":4,"nm":"Shape Layer 9","sr":1,"ks":{"o":{"a":0,"k":100,"ix":11},"r":{"a":0,"k":0,"ix":10},"p":{"a":0,"k":[359.625,356.25,0],"ix":2},"a":{"a":0,"k":[-28,86,0],"ix":1},"s":{"a":1,"k":[{"i":{"x":[0,0,0.667],"y":[1,1,1]},"o":{"x":[0,0,0.333],"y":[0,0,0]},"n":["0_1_0_0","0_1_0_0","0p667_1_0p333_0"],"t":82,"s":[0,0,100],"e":[40,40,100]},{"i":{"x":[1,1,0.667],"y":[1,1,1]},"o":{"x":[1,1,0.333],"y":[0,0,0]},"n":["1_1_1_0","1_1_1_0","0p667_1_0p333_0"],"t":112,"s":[40,40,100],"e":[0,0,100]},{"t":142}],"ix":6}},"ao":0,"shapes":[{"ty":"gr","it":[{"ind":0,"ty":"sh","ix":1,"ks":{"a":0,"k":{"i":[[0,0],[23.5,-24],[0,0],[-13,-21.5],[0,0],[-16,8],[0,0],[13.5,14]],"o":[[0,0],[-51.5,24.5],[0,0],[13,21.5],[0,0],[16,-8],[0,0],[-13.5,-14]],"v":[[-29,-17],[-59,58],[-132.5,86],[-52.5,124.5],[-29.5,190.5],[5.5,112.5],[76,86.5],[0,56.5]],"c":true},"ix":2},"nm":"Path 1","mn":"ADBE Vector Shape - Group","hd":false},{"ty":"st","c":{"a":0,"k":[1,1,1,1],"ix":3},"o":{"a":0,"k":100,"ix":4},"w":{"a":0,"k":19,"ix":5},"lc":1,"lj":1,"ml":4,"ml2":{"a":0,"k":4,"ix":8},"nm":"Stroke 1","mn":"ADBE Vector Graphic - Stroke","hd":true},{"ty":"fl","c":{"a":0,"k":[1,1,1,1],"ix":4},"o":{"a":0,"k":100,"ix":5},"r":1,"nm":"Fill 1","mn":"ADBE Vector Graphic - Fill","hd":false},{"ty":"tr","p":{"a":0,"k":[0,0],"ix":2},"a":{"a":0,"k":[0,0],"ix":1},"s":{"a":0,"k":[100,100],"ix":3},"r":{"a":0,"k":0,"ix":6},"o":{"a":0,"k":100,"ix":7},"sk":{"a":0,"k":0,"ix":4},"sa":{"a":0,"k":0,"ix":5},"nm":"Transform"}],"nm":"Shape 1","np":3,"cix":2,"ix":1,"mn":"ADBE Vector Group","hd":false}],"ip":82,"op":142,"st":10,"bm":0},{"ddd":0,"ind":8,"ty":4,"nm":"Shape Layer 8","sr":1,"ks":{"o":{"a":0,"k":100,"ix":11},"r":{"a":0,"k":0,"ix":10},"p":{"a":0,"k":[88.625,570.25,0],"ix":2},"a":{"a":0,"k":[-28,86,0],"ix":1},"s":{"a":1,"k":[{"i":{"x":[0,0,0.667],"y":[1,1,1]},"o":{"x":[0,0,0.333],"y":[0,0,0]},"n":["0_1_0_0","0_1_0_0","0p667_1_0p333_0"],"t":75,"s":[0,0,100],"e":[15,15,100]},{"i":{"x":[1,1,0.667],"y":[1,1,1]},"o":{"x":[1,1,0.333],"y":[0,0,0]},"n":["1_1_1_0","1_1_1_0","0p667_1_0p333_0"],"t":105,"s":[15,15,100],"e":[0,0,100]},{"t":135}],"ix":6}},"ao":0,"shapes":[{"ty":"gr","it":[{"ind":0,"ty":"sh","ix":1,"ks":{"a":0,"k":{"i":[[0,0],[23.5,-24],[0,0],[-13,-21.5],[0,0],[-16,8],[0,0],[13.5,14]],"o":[[0,0],[-51.5,24.5],[0,0],[13,21.5],[0,0],[16,-8],[0,0],[-13.5,-14]],"v":[[-29,-17],[-59,58],[-132.5,86],[-52.5,124.5],[-29.5,190.5],[5.5,112.5],[76,86.5],[0,56.5]],"c":true},"ix":2},"nm":"Path 1","mn":"ADBE Vector Shape - Group","hd":false},{"ty":"st","c":{"a":0,"k":[1,1,1,1],"ix":3},"o":{"a":0,"k":100,"ix":4},"w":{"a":0,"k":19,"ix":5},"lc":1,"lj":1,"ml":4,"ml2":{"a":0,"k":4,"ix":8},"nm":"Stroke 1","mn":"ADBE Vector Graphic - Stroke","hd":true},{"ty":"fl","c":{"a":0,"k":[1,1,1,1],"ix":4},"o":{"a":0,"k":100,"ix":5},"r":1,"nm":"Fill 1","mn":"ADBE Vector Graphic - Fill","hd":false},{"ty":"tr","p":{"a":0,"k":[0,0],"ix":2},"a":{"a":0,"k":[0,0],"ix":1},"s":{"a":0,"k":[100,100],"ix":3},"r":{"a":0,"k":0,"ix":6},"o":{"a":0,"k":100,"ix":7},"sk":{"a":0,"k":0,"ix":4},"sa":{"a":0,"k":0,"ix":5},"nm":"Transform"}],"nm":"Shape 1","np":3,"cix":2,"ix":1,"mn":"ADBE Vector Group","hd":false}],"ip":75,"op":135,"st":3,"bm":0},{"ddd":0,"ind":9,"ty":4,"nm":"Shape Layer 7","sr":1,"ks":{"o":{"a":0,"k":100,"ix":11},"r":{"a":0,"k":0,"ix":10},"p":{"a":0,"k":[66,437,0],"ix":2},"a":{"a":0,"k":[-28,86,0],"ix":1},"s":{"a":1,"k":[{"i":{"x":[0,0,0.667],"y":[1,1,1]},"o":{"x":[0,0,0.333],"y":[0,0,0]},"n":["0_1_0_0","0_1_0_0","0p667_1_0p333_0"],"t":59,"s":[0,0,100],"e":[10,10,100]},{"i":{"x":[1,1,0.667],"y":[1,1,1]},"o":{"x":[1,1,0.333],"y":[0,0,0]},"n":["1_1_1_0","1_1_1_0","0p667_1_0p333_0"],"t":89,"s":[10,10,100],"e":[0,0,100]},{"t":119}],"ix":6}},"ao":0,"shapes":[{"ty":"gr","it":[{"ind":0,"ty":"sh","ix":1,"ks":{"a":0,"k":{"i":[[0,0],[23.5,-24],[0,0],[-13,-21.5],[0,0],[-16,8],[0,0],[13.5,14]],"o":[[0,0],[-51.5,24.5],[0,0],[13,21.5],[0,0],[16,-8],[0,0],[-13.5,-14]],"v":[[-29,-17],[-59,58],[-132.5,86],[-52.5,124.5],[-29.5,190.5],[5.5,112.5],[76,86.5],[0,56.5]],"c":true},"ix":2},"nm":"Path 1","mn":"ADBE Vector Shape - Group","hd":false},{"ty":"st","c":{"a":0,"k":[1,1,1,1],"ix":3},"o":{"a":0,"k":100,"ix":4},"w":{"a":0,"k":19,"ix":5},"lc":1,"lj":1,"ml":4,"ml2":{"a":0,"k":4,"ix":8},"nm":"Stroke 1","mn":"ADBE Vector Graphic - Stroke","hd":true},{"ty":"fl","c":{"a":0,"k":[1,1,1,1],"ix":4},"o":{"a":0,"k":100,"ix":5},"r":1,"nm":"Fill 1","mn":"ADBE Vector Graphic - Fill","hd":false},{"ty":"tr","p":{"a":0,"k":[0,0],"ix":2},"a":{"a":0,"k":[0,0],"ix":1},"s":{"a":0,"k":[100,100],"ix":3},"r":{"a":0,"k":0,"ix":6},"o":{"a":0,"k":100,"ix":7},"sk":{"a":0,"k":0,"ix":4},"sa":{"a":0,"k":0,"ix":5},"nm":"Transform"}],"nm":"Shape 1","np":3,"cix":2,"ix":1,"mn":"ADBE Vector Group","hd":false}],"ip":59,"op":119,"st":-13,"bm":0},{"ddd":0,"ind":10,"ty":4,"nm":"Shape Layer 6","sr":1,"ks":{"o":{"a":0,"k":100,"ix":11},"r":{"a":0,"k":0,"ix":10},"p":{"a":0,"k":[189,496,0],"ix":2},"a":{"a":0,"k":[-28,86,0],"ix":1},"s":{"a":1,"k":[{"i":{"x":[0,0,0.667],"y":[1,1,1]},"o":{"x":[0,0,0.333],"y":[0,0,0]},"n":["0_1_0_0","0_1_0_0","0p667_1_0p333_0"],"t":49,"s":[0,0,100],"e":[33.981,33.981,100]},{"i":{"x":[1,1,0.667],"y":[1,1,1]},"o":{"x":[1,1,0.333],"y":[0,0,0]},"n":["1_1_1_0","1_1_1_0","0p667_1_0p333_0"],"t":79,"s":[33.981,33.981,100],"e":[0,0,100]},{"t":109}],"ix":6}},"ao":0,"shapes":[{"ty":"gr","it":[{"ind":0,"ty":"sh","ix":1,"ks":{"a":0,"k":{"i":[[0,0],[23.5,-24],[0,0],[-13,-21.5],[0,0],[-16,8],[0,0],[13.5,14]],"o":[[0,0],[-51.5,24.5],[0,0],[13,21.5],[0,0],[16,-8],[0,0],[-13.5,-14]],"v":[[-29,-17],[-59,58],[-132.5,86],[-52.5,124.5],[-29.5,190.5],[5.5,112.5],[76,86.5],[0,56.5]],"c":true},"ix":2},"nm":"Path 1","mn":"ADBE Vector Shape - Group","hd":false},{"ty":"st","c":{"a":0,"k":[1,1,1,1],"ix":3},"o":{"a":0,"k":100,"ix":4},"w":{"a":0,"k":19,"ix":5},"lc":1,"lj":1,"ml":4,"ml2":{"a":0,"k":4,"ix":8},"nm":"Stroke 1","mn":"ADBE Vector Graphic - Stroke","hd":true},{"ty":"fl","c":{"a":0,"k":[1,1,1,1],"ix":4},"o":{"a":0,"k":100,"ix":5},"r":1,"nm":"Fill 1","mn":"ADBE Vector Graphic - Fill","hd":false},{"ty":"tr","p":{"a":0,"k":[0,0],"ix":2},"a":{"a":0,"k":[0,0],"ix":1},"s":{"a":0,"k":[100,100],"ix":3},"r":{"a":0,"k":0,"ix":6},"o":{"a":0,"k":100,"ix":7},"sk":{"a":0,"k":0,"ix":4},"sa":{"a":0,"k":0,"ix":5},"nm":"Transform"}],"nm":"Shape 1","np":3,"cix":2,"ix":1,"mn":"ADBE Vector Group","hd":false}],"ip":49,"op":109,"st":-23,"bm":0},{"ddd":0,"ind":11,"ty":4,"nm":"cleanner Outlines","sr":1,"ks":{"o":{"a":0,"k":100,"ix":11},"r":{"a":0,"k":0,"ix":10},"p":{"a":1,"k":[{"i":{"x":0.102,"y":1},"o":{"x":0.341,"y":0},"n":"0p102_1_0p341_0","t":0,"s":[0,1144,0],"e":[1220,284,0],"to":[35.3333320617676,-207.33332824707,0],"ti":[-635.333312988281,87.3333358764648,0]},{"t":160}],"ix":2},"a":{"a":0,"k":[304.592,298.469,0],"ix":1},"s":{"a":0,"k":[196,196,100],"ix":6}},"ao":0,"shapes":[{"ty":"gr","it":[{"ind":0,"ty":"sh","ix":1,"ks":{"a":0,"k":{"i":[[7.591,0],[0.007,-0.003],[-11.288,-10.133],[0,0],[-15.698,-7.3],[0,0],[-8.895,-11.464],[0,0],[5.752,8.473],[0.583,3.468],[10.172,21.689],[6.942,0.05],[-10.507,-11.631],[-4.019,-4.2],[0,0],[5.678,6.284],[1.913,0],[-3.732,-4.634],[-8.608,-7.06],[0,0],[0.741,-1.174],[-0.278,-0.963],[-4.396,-2.096],[-14.864,-10.862],[-1.94,-2.116],[0,0],[0,0],[12.773,0],[0.002,-0.01],[-13.711,-8.083],[-7.015,-5.348],[1.05,-3.106],[6.809,5.438]],"o":[[-0.943,0],[-2.799,4.515],[0,0],[18.109,16.289],[0,0],[12.807,5.983],[0,0],[-14.393,-10.383],[-2.895,-4.258],[-0.775,-4.705],[-15.764,-33.605],[0.107,0.184],[3.344,3.187],[0,0],[-0.234,-0.21],[-26.07,-24.91],[-1.15,0.535],[3.899,4.846],[0,0],[-50.002,-35.003],[-0.24,0.372],[0.792,2.812],[4.783,2.271],[4.174,2.441],[0,0],[0,0],[-14.888,-8.775],[-2.921,0],[-0.711,5.467],[8.903,5.24],[13.557,10.333],[-2.368,7.013],[-9.228,-7.386]],"v":[[-93.97,-23.33],[-95.224,-23.137],[-63.253,12.59],[-59.962,15.549],[15.528,58.544],[17.641,59.527],[101.545,147.936],[162.727,89.186],[35.458,-3.02],[31.572,-13.255],[19.32,-47.518],[-29.183,-106.778],[-18.85,-91.094],[-7.714,-79.942],[-13.071,-74.411],[-24.568,-85.932],[-63.42,-112.115],[-60.183,-103.946],[-24.474,-72.658],[-29.123,-66.525],[-90.34,-95.231],[-90.512,-93.385],[-81.25,-84.637],[-42.881,-58.081],[-33.517,-51.117],[-38.647,-45.411],[-47.422,-51.861],[-103.733,-71.471],[-107.407,-70.872],[-75.634,-46.253],[-50.505,-30.238],[-38.968,-8.462],[-58.163,-4.768]],"c":true},"ix":2},"nm":"Path 1","mn":"ADBE Vector Shape - Group","hd":false},{"ind":1,"ty":"sh","ix":2,"ks":{"a":0,"k":{"i":[[0,0],[11.216,5.236],[0,0],[18.968,17.055],[0,0],[-5.976,9.588],[-4.444,0],[-6.755,-5.4],[-1.357,0],[-0.556,1.629],[7.337,5.592],[8.71,5.134],[-1.679,10.956],[-8.758,0],[-9.945,-3.301],[1.075,0.511],[1.635,5.789],[-1.555,2.401],[-5.698,0],[-9.603,-4.595],[0.489,0.612],[-2.688,2.408],[-2.909,0],[-11.182,-8.589],[-1.545,1.621],[-2.153,0],[-15.082,-32.154],[-0.843,-5.092],[-1.943,-2.86],[-25.401,-18.222]],"o":[[-9.009,-11.924],[0,0],[-17.484,-8.139],[0,0],[-24.542,-22.03],[1.077,-1.715],[11.696,0],[1.31,1.044],[0.549,0],[0.848,-2.538],[-6.654,-5.063],[-19.843,-11.701],[0.391,-2.541],[6.289,0],[-3.193,-2.137],[-5.476,-2.605],[-0.826,-2.91],[1.284,-1.987],[5.698,0],[-0.876,-0.89],[-8.693,-10.792],[0.93,-0.842],[6.307,0],[-0.034,-2.094],[1.385,-1.445],[12.935,0],[10.621,22.649],[0.501,3.04],[4.194,6.186],[0,0]],"v":[[103.832,154.553],[14.384,66.51],[12.278,65.53],[-65.119,21.284],[-68.401,18.324],[-101.701,-27.28],[-93.97,-31.035],[-53.347,-10.786],[-49.215,-9.161],[-46.264,-10.921],[-55.174,-24.113],[-79.547,-39.62],[-114.847,-72.374],[-103.733,-79.176],[-78.106,-73.669],[-84.561,-77.684],[-97.926,-91.288],[-96.809,-99.415],[-87.098,-103.769],[-64.122,-96.856],[-66.189,-99.113],[-68.99,-117.971],[-63.42,-119.82],[-36.754,-106.657],[-34.614,-112.282],[-29.21,-114.484],[26.295,-50.785],[39.177,-14.512],[41.832,-7.354],[162.275,89.325]],"c":true},"ix":2},"nm":"Path 2","mn":"ADBE Vector Shape - Group","hd":false},{"ty":"mm","mm":1,"nm":"Merge Paths 1","mn":"ADBE Vector Filter - Merge","hd":false},{"ty":"fl","c":{"a":0,"k":[0.090196078431,0.192156862745,0.623529411765,1],"ix":4},"o":{"a":0,"k":100,"ix":5},"r":1,"nm":"Fill 1","mn":"ADBE Vector Graphic - Fill","hd":false},{"ty":"tr","p":{"a":0,"k":[283.887,255.262],"ix":2},"a":{"a":0,"k":[0,0],"ix":1},"s":{"a":0,"k":[100,100],"ix":3},"r":{"a":0,"k":0,"ix":6},"o":{"a":0,"k":100,"ix":7},"sk":{"a":0,"k":0,"ix":4},"sa":{"a":0,"k":0,"ix":5},"nm":"Transform"}],"nm":"Group 1","np":4,"cix":2,"ix":1,"mn":"ADBE Vector Group","hd":false},{"ty":"gr","it":[{"ind":0,"ty":"sh","ix":1,"ks":{"a":0,"k":{"i":[[0,0],[14.55,6.795],[19.395,17.449],[-4.838,7.764],[-9.697,-7.765],[20.36,15.513],[-1.934,12.603],[-10.667,-11.634],[6.783,3.23],[-3.557,5.494],[-46.299,-32.414],[5.017,6.22],[-3.236,2.907],[-36.525,-38.152],[-6.788,7.113],[-17.135,-36.527],[-6.147,-9.052],[0,0]],"o":[[0,0],[-14.54,-6.789],[-19.406,-17.463],[4.859,-7.748],[9.698,7.754],[-20.375,-15.517],[1.947,-12.611],[0,0],[-6.801,-3.234],[3.555,-5.492],[0,0],[-4.333,-5.387],[3.223,-2.912],[0,0],[6.796,-7.093],[17.135,36.531],[6.146,9.049],[0,0]],"v":[[104.042,153.234],[16.968,65.298],[-61.578,20.695],[-97.476,-22.962],[-54.797,-5.496],[-51.881,-24.892],[-110.08,-69.505],[-35.401,-46.231],[-81.947,-78.882],[-92.617,-95.044],[-25.957,-67.399],[-62.234,-99.248],[-65.457,-112.822],[-9.537,-75],[-30.873,-107.337],[23.763,-46.873],[39.601,-2.908],[164.055,91.929]],"c":true},"ix":2},"nm":"Path 1","mn":"ADBE Vector Shape - Group","hd":false},{"ty":"fl","c":{"a":0,"k":[1,1,1,1],"ix":4},"o":{"a":0,"k":100,"ix":5},"r":1,"nm":"Fill 1","mn":"ADBE Vector Graphic - Fill","hd":false},{"ty":"tr","p":{"a":0,"k":[282.928,252.982],"ix":2},"a":{"a":0,"k":[0,0],"ix":1},"s":{"a":0,"k":[100,100],"ix":3},"r":{"a":0,"k":0,"ix":6},"o":{"a":0,"k":100,"ix":7},"sk":{"a":0,"k":0,"ix":4},"sa":{"a":0,"k":0,"ix":5},"nm":"Transform"}],"nm":"Group 2","np":2,"cix":2,"ix":2,"mn":"ADBE Vector Group","hd":false},{"ty":"gr","it":[{"ind":0,"ty":"sh","ix":1,"ks":{"a":0,"k":{"i":[[-0.509,-1.304],[0.054,-0.97],[0.04,-0.241],[2.388,-1.271],[0.388,-0.117],[2.434,1.161],[0.188,0.124],[0.174,0.14],[0.178,0.181],[1.699,3.081],[-0.05,0.21],[-0.351,0.374],[-0.201,0.178],[-0.227,0.16],[-0.251,0.118],[-2.481,0.341],[-0.207,-0.15]],"o":[[0.375,0.98],[-0.013,0.24],[-2.458,1.227],[-0.267,0.151],[-1.705,-0.873],[-0.194,-0.103],[-0.181,-0.12],[-0.194,-0.161],[-3.464,-2.29],[0.01,-0.21],[0.104,-0.392],[0.184,-0.201],[0.208,-0.17],[0.214,-0.151],[1.454,-2.227],[0.228,0.133],[1.056,0.766]],"v":[[7.661,-1.689],[8.141,1.268],[8.061,1.99],[5.359,6.775],[4.37,7.177],[-3.083,6.437],[-3.654,6.093],[-4.186,5.702],[-4.732,5.193],[-4.928,-2.104],[-4.842,-2.725],[-4.199,-3.909],[-3.635,-4.468],[-2.995,-4.962],[-2.299,-5.371],[4.583,-5.263],[5.24,-4.832]],"c":true},"ix":2},"nm":"Path 1","mn":"ADBE Vector Shape - Group","hd":false},{"ty":"fl","c":{"a":0,"k":[1,1,1,1],"ix":4},"o":{"a":0,"k":100,"ix":5},"r":1,"nm":"Fill 1","mn":"ADBE Vector Graphic - Fill","hd":false},{"ty":"tr","p":{"a":0,"k":[217.046,106.124],"ix":2},"a":{"a":0,"k":[0,0],"ix":1},"s":{"a":0,"k":[100,100],"ix":3},"r":{"a":0,"k":0,"ix":6},"o":{"a":0,"k":100,"ix":7},"sk":{"a":0,"k":0,"ix":4},"sa":{"a":0,"k":0,"ix":5},"nm":"Transform"}],"nm":"Group 3","np":2,"cix":2,"ix":3,"mn":"ADBE Vector Group","hd":false},{"ty":"gr","it":[{"ind":0,"ty":"sh","ix":1,"ks":{"a":0,"k":{"i":[[-0.087,-0.234],[-0.053,-0.241],[-0.027,-0.251],[-0.014,-0.15],[-0.006,-0.151],[1.064,-0.632],[0.221,-0.11],[2.709,6.879],[0.08,0.194],[0.067,0.123],[0.067,0.107],[-3.277,0.973],[-0.163,0.038],[-2.729,0.22],[-0.121,-0.217]],"o":[[0.101,0.241],[0.054,0.251],[0.021,0.15],[0.02,0.161],[0.342,2.08],[-0.201,0.121],[-1.103,-0.211],[-0.107,-0.295],[-0.08,-0.197],[-0.074,-0.138],[-1.093,-3.184],[0.174,-0.077],[2.796,-0.705],[0.141,0.193],[0.133,0.211]],"v":[[5.121,-3.584],[5.355,-2.855],[5.482,-2.109],[5.536,-1.65],[5.562,-1.188],[4.031,2.473],[3.395,2.817],[-4.088,0.992],[-4.369,0.275],[-4.597,-0.196],[-4.811,-0.544],[-1.614,-7.007],[-1.106,-7.165],[4.399,-4.9],[4.794,-4.269]],"c":true},"ix":2},"nm":"Path 1","mn":"ADBE Vector Shape - Group","hd":false},{"ty":"fl","c":{"a":0,"k":[1,1,1,1],"ix":4},"o":{"a":0,"k":100,"ix":5},"r":1,"nm":"Fill 1","mn":"ADBE Vector Graphic - Fill","hd":false},{"ty":"tr","p":{"a":0,"k":[224.522,128.033],"ix":2},"a":{"a":0,"k":[0,0],"ix":1},"s":{"a":0,"k":[100,100],"ix":3},"r":{"a":0,"k":0,"ix":6},"o":{"a":0,"k":100,"ix":7},"sk":{"a":0,"k":0,"ix":4},"sa":{"a":0,"k":0,"ix":5},"nm":"Transform"}],"nm":"Group 4","np":2,"cix":2,"ix":4,"mn":"ADBE Vector Group","hd":false},{"ty":"gr","it":[{"ind":0,"ty":"sh","ix":1,"ks":{"a":0,"k":{"i":[[-0.057,-0.257],[-0.646,-1.645],[1.646,-0.636],[0.114,1.505],[-0.152,0.18],[-0.715,0.288],[-1.09,-0.475],[-0.204,-0.121],[-0.111,-0.2],[-0.123,-0.207],[-0.4,0.374]],"o":[[1.665,0.652],[-1,2.281],[-2.283,-0.997],[0.114,-0.207],[0.478,-0.553],[1.198,-0.464],[0.224,0.097],[0.078,0.09],[0.11,0.207],[-0.334,-0.722],[0.091,0.224]],"v":[[4.087,-2.139],[3.752,3.088],[-3.469,4.005],[-3.87,-3.072],[-3.454,-3.643],[-1.66,-4.905],[1.885,-4.834],[2.514,-4.496],[2.802,-4.032],[3.156,-3.403],[3.865,-2.861]],"c":true},"ix":2},"nm":"Path 1","mn":"ADBE Vector Shape - Group","hd":false},{"ty":"fl","c":{"a":0,"k":[1,1,1,1],"ix":4},"o":{"a":0,"k":100,"ix":5},"r":1,"nm":"Fill 1","mn":"ADBE Vector Graphic - Fill","hd":false},{"ty":"tr","p":{"a":0,"k":[169.555,165.972],"ix":2},"a":{"a":0,"k":[0,0],"ix":1},"s":{"a":0,"k":[100,100],"ix":3},"r":{"a":0,"k":0,"ix":6},"o":{"a":0,"k":100,"ix":7},"sk":{"a":0,"k":0,"ix":4},"sa":{"a":0,"k":0,"ix":5},"nm":"Transform"}],"nm":"Group 5","np":2,"cix":2,"ix":5,"mn":"ADBE Vector Group","hd":false},{"ty":"gr","it":[{"ind":0,"ty":"sh","ix":1,"ks":{"a":0,"k":{"i":[[-0.061,-0.268],[-0.649,-1.655],[1.647,-0.641],[0.127,1.531],[-0.153,0.18],[-0.732,0.281],[-1.098,-0.474],[-0.204,-0.131],[-0.107,-0.193],[-0.129,-0.21],[-0.391,0.378]],"o":[[1.677,0.662],[-1.022,2.301],[-2.307,-1.006],[0.127,-0.201],[0.476,-0.546],[1.197,-0.464],[0.214,0.098],[0.08,0.093],[0.12,0.198],[-0.34,-0.732],[0.097,0.231]],"v":[[4.123,-2.149],[3.782,3.108],[-3.492,4.034],[-3.906,-3.108],[-3.479,-3.68],[-1.666,-4.945],[1.902,-4.875],[2.531,-4.526],[2.819,-4.062],[3.182,-3.43],[3.885,-2.888]],"c":true},"ix":2},"nm":"Path 1","mn":"ADBE Vector Shape - Group","hd":false},{"ty":"fl","c":{"a":0,"k":[1,1,1,1],"ix":4},"o":{"a":0,"k":100,"ix":5},"r":1,"nm":"Fill 1","mn":"ADBE Vector Graphic - Fill","hd":false},{"ty":"tr","p":{"a":0,"k":[203.337,116.142],"ix":2},"a":{"a":0,"k":[0,0],"ix":1},"s":{"a":0,"k":[100,100],"ix":3},"r":{"a":0,"k":0,"ix":6},"o":{"a":0,"k":100,"ix":7},"sk":{"a":0,"k":0,"ix":4},"sa":{"a":0,"k":0,"ix":5},"nm":"Transform"}],"nm":"Group 6","np":2,"cix":2,"ix":6,"mn":"ADBE Vector Group","hd":false},{"ty":"gr","it":[{"ind":0,"ty":"sh","ix":1,"ks":{"a":0,"k":{"i":[[-0.082,-0.241],[0,-0.729],[0.027,-0.244],[0.671,-0.589],[0.198,-0.124],[2.926,0.96],[0.268,-0.017],[1.027,2.631],[0.062,0.247],[0.026,0.231],[-4.264,-0.033],[-0.221,0.15],[-0.532,0.211],[-0.254,0.07],[-0.261,0.04],[-1.799,-2.154],[-0.114,-0.224]],"o":[[0.283,0.722],[0,0.254],[0.401,1.425],[-0.174,0.14],[-1.735,-0.014],[-0.263,0.047],[-2.899,0.163],[-0.09,-0.248],[-0.067,-0.241],[3.531,-2.33],[0.194,-0.181],[0.448,-0.297],[0.251,-0.107],[0.268,-0.063],[2.625,-0.588],[0.153,0.2],[0.124,0.227]],"v":[[7.304,-2.786],[7.717,-0.598],[7.676,0.137],[7.012,2.933],[6.452,3.327],[1.426,6.307],[0.624,6.395],[-6.014,2.412],[-6.242,1.683],[-6.368,0.96],[-3.813,-5.01],[-3.178,-5.494],[-1.703,-6.247],[-0.921,-6.514],[-0.121,-6.678],[6.594,-4.109],[6.985,-3.475]],"c":true},"ix":2},"nm":"Path 1","mn":"ADBE Vector Shape - Group","hd":false},{"ty":"fl","c":{"a":0,"k":[1,1,1,1],"ix":4},"o":{"a":0,"k":100,"ix":5},"r":1,"nm":"Fill 1","mn":"ADBE Vector Graphic - Fill","hd":false},{"ty":"tr","p":{"a":0,"k":[164.785,122.407],"ix":2},"a":{"a":0,"k":[0,0],"ix":1},"s":{"a":0,"k":[100,100],"ix":3},"r":{"a":0,"k":0,"ix":6},"o":{"a":0,"k":100,"ix":7},"sk":{"a":0,"k":0,"ix":4},"sa":{"a":0,"k":0,"ix":5},"nm":"Transform"}],"nm":"Group 7","np":2,"cix":2,"ix":7,"mn":"ADBE Vector Group","hd":false},{"ty":"gr","it":[{"ind":0,"ty":"sh","ix":1,"ks":{"a":0,"k":{"i":[[1.087,-0.06],[0.21,0.054],[1.974,2.237],[-0.161,0.157],[-1.056,0.044],[-0.072,-1.896],[0.049,-0.17],[0.695,-0.167]],"o":[[-0.281,-0.02],[-2.926,-0.662],[0.128,-0.181],[0.679,-0.655],[2.134,-0.066],[0.008,0.198],[-0.221,0.161],[-0.201,0.101]],"v":[[-0.51,3.434],[-1.239,3.314],[-2.945,-1.742],[-2.503,-2.261],[0.185,-3.368],[4.157,-0.064],[4.108,0.498],[0.985,3.193]],"c":true},"ix":2},"nm":"Path 1","mn":"ADBE Vector Shape - Group","hd":false},{"ty":"fl","c":{"a":0,"k":[1,1,1,1],"ix":4},"o":{"a":0,"k":100,"ix":5},"r":1,"nm":"Fill 1","mn":"ADBE Vector Graphic - Fill","hd":false},{"ty":"tr","p":{"a":0,"k":[146.141,142.662],"ix":2},"a":{"a":0,"k":[0,0],"ix":1},"s":{"a":0,"k":[100,100],"ix":3},"r":{"a":0,"k":0,"ix":6},"o":{"a":0,"k":100,"ix":7},"sk":{"a":0,"k":0,"ix":4},"sa":{"a":0,"k":0,"ix":5},"nm":"Transform"}],"nm":"Group 8","np":2,"cix":2,"ix":8,"mn":"ADBE Vector Group","hd":false},{"ty":"gr","it":[{"ind":0,"ty":"sh","ix":1,"ks":{"a":0,"k":{"i":[[1.098,-0.054],[0.21,0.059],[1.967,2.227],[-0.161,0.177],[-1.067,0.04],[-0.063,-1.906],[0.041,-0.181],[0.692,-0.17]],"o":[[-0.271,-0.014],[-2.93,-0.656],[0.131,-0.187],[0.689,-0.646],[2.122,-0.077],[0.013,0.197],[-0.217,0.15],[-0.208,0.104]],"v":[[-0.513,3.436],[-1.237,3.316],[-2.943,-1.734],[-2.498,-2.262],[0.194,-3.359],[4.154,-0.055],[4.113,0.517],[0.99,3.202]],"c":true},"ix":2},"nm":"Path 1","mn":"ADBE Vector Shape - Group","hd":false},{"ty":"fl","c":{"a":0,"k":[1,1,1,1],"ix":4},"o":{"a":0,"k":100,"ix":5},"r":1,"nm":"Fill 1","mn":"ADBE Vector Graphic - Fill","hd":false},{"ty":"tr","p":{"a":0,"k":[194.572,139.253],"ix":2},"a":{"a":0,"k":[0,0],"ix":1},"s":{"a":0,"k":[100,100],"ix":3},"r":{"a":0,"k":0,"ix":6},"o":{"a":0,"k":100,"ix":7},"sk":{"a":0,"k":0,"ix":4},"sa":{"a":0,"k":0,"ix":5},"nm":"Transform"}],"nm":"Group 9","np":2,"cix":2,"ix":9,"mn":"ADBE Vector Group","hd":false},{"ty":"gr","it":[{"ind":0,"ty":"sh","ix":1,"ks":{"a":0,"k":{"i":[[1.095,-0.054],[0.207,0.053],[1.973,2.237],[-0.158,0.157],[-1.062,0.04],[-0.06,-1.896],[0.04,-0.181],[0.693,-0.167]],"o":[[-0.274,-0.013],[-2.933,-0.67],[0.128,-0.187],[0.685,-0.656],[2.125,-0.067],[0.013,0.197],[-0.217,0.15],[-0.204,0.104]],"v":[[-0.509,3.431],[-1.236,3.318],[-2.943,-1.739],[-2.495,-2.257],[0.195,-3.364],[4.156,-0.06],[4.116,0.512],[0.992,3.197]],"c":true},"ix":2},"nm":"Path 1","mn":"ADBE Vector Shape - Group","hd":false},{"ty":"fl","c":{"a":0,"k":[1,1,1,1],"ix":4},"o":{"a":0,"k":100,"ix":5},"r":1,"nm":"Fill 1","mn":"ADBE Vector Graphic - Fill","hd":false},{"ty":"tr","p":{"a":0,"k":[182.096,113.284],"ix":2},"a":{"a":0,"k":[0,0],"ix":1},"s":{"a":0,"k":[100,100],"ix":3},"r":{"a":0,"k":0,"ix":6},"o":{"a":0,"k":100,"ix":7},"sk":{"a":0,"k":0,"ix":4},"sa":{"a":0,"k":0,"ix":5},"nm":"Transform"}],"nm":"Group 10","np":2,"cix":2,"ix":10,"mn":"ADBE Vector Group","hd":false},{"ty":"gr","it":[{"ind":0,"ty":"sh","ix":1,"ks":{"a":0,"k":{"i":[[-0.688,-1.646],[-0.037,-0.338],[2.377,-4.243],[0.341,0.164],[0.628,1.615],[-2.882,1.13],[-0.301,0.03],[-0.629,-0.993]],"o":[[0.104,0.445],[0.558,4.888],[-0.361,-0.093],[-1.364,-0.692],[-1.274,-3.237],[0.301,-0.11],[0.334,0.25],[0.277,0.248]],"v":[[5.678,-0.503],[5.889,0.671],[-0.983,6.041],[-2.027,5.636],[-5.173,2.095],[-2.234,-5.817],[-1.324,-6.041],[4.485,-2.677]],"c":true},"ix":2},"nm":"Path 1","mn":"ADBE Vector Shape - Group","hd":false},{"ty":"fl","c":{"a":0,"k":[1,1,1,1],"ix":4},"o":{"a":0,"k":100,"ix":5},"r":1,"nm":"Fill 1","mn":"ADBE Vector Graphic - Fill","hd":false},{"ty":"tr","p":{"a":0,"k":[166.287,142.627],"ix":2},"a":{"a":0,"k":[0,0],"ix":1},"s":{"a":0,"k":[100,100],"ix":3},"r":{"a":0,"k":0,"ix":6},"o":{"a":0,"k":100,"ix":7},"sk":{"a":0,"k":0,"ix":4},"sa":{"a":0,"k":0,"ix":5},"nm":"Transform"}],"nm":"Group 11","np":2,"cix":2,"ix":11,"mn":"ADBE Vector Group","hd":false},{"ty":"gr","it":[{"ind":0,"ty":"sh","ix":1,"ks":{"a":0,"k":{"i":[[17.63,0],[9.911,-5.216],[0.856,-0.505],[0.863,-0.452],[4.045,-14.374],[-4.953,-8.307],[-7.313,-7.009],[-4.912,-48.56],[-21.711,0],[-3.45,1.692],[-2.16,23.847],[12.922,10.805],[3.965,23.325],[3.618,7.715]],"o":[[-10.683,0],[-0.875,0.459],[-1.233,0.592],[-15.587,8.21],[-2.77,9.844],[4.361,7.317],[17.115,16.393],[2.55,25.171],[17.818,0],[3.418,-1.949],[1.038,-11.443],[-37.527,-31.401],[-1.693,-9.959],[-6.228,-13.276]],"v":[[-18.755,-109.519],[-50.686,-101.43],[-53.275,-99.985],[-56.247,-98.503],[-88.068,-61.895],[-84.74,-34.146],[-66.749,-13.771],[-23.413,71.587],[13.146,109.519],[52.526,99.407],[89.893,54.93],[71.982,21.396],[25.555,-62.347],[18.786,-88.618]],"c":true},"ix":2},"nm":"Path 1","mn":"ADBE Vector Shape - Group","hd":false},{"ind":1,"ty":"sh","ix":2,"ks":{"a":0,"k":{"i":[[19.517,0],[3.759,37.076],[17.048,16.336],[4.899,8.217],[-3.356,11.935],[-17.647,9.29],[-1.023,0.471],[-0.983,0.516],[-11.907,0],[-7.551,-16.102],[-1.713,-10.069],[-35.354,-29.571],[1.275,-14.106],[6.487,-3.682]],"o":[[-18.104,0],[-4.621,-45.737],[-7.397,-7.079],[-6.057,-10.169],[4.669,-16.583],[0.973,-0.521],[0.62,-0.388],[10.995,-5.789],[20.74,0],[4.059,8.651],[3.947,23.225],[14.975,12.524],[-2.458,27.177],[-3.94,1.943]],"v":[[13.146,117.224],[-31.081,72.37],[-72.079,-8.213],[-91.361,-30.204],[-95.488,-63.989],[-59.85,-105.312],[-56.846,-106.8],[-54.271,-108.245],[-18.755,-117.224],[25.762,-91.882],[33.151,-63.641],[76.926,15.483],[97.568,55.623],[56.133,106.209]],"c":true},"ix":2},"nm":"Path 2","mn":"ADBE Vector Shape - Group","hd":false},{"ty":"mm","mm":1,"nm":"Merge Paths 1","mn":"ADBE Vector Filter - Merge","hd":false},{"ty":"fl","c":{"a":0,"k":[1,1,1,1],"ix":4},"o":{"a":0,"k":100,"ix":5},"r":1,"nm":"Fill 1","mn":"ADBE Vector Graphic - Fill","hd":false},{"ty":"tr","p":{"a":0,"k":[224.582,195.722],"ix":2},"a":{"a":0,"k":[0,0],"ix":1},"s":{"a":0,"k":[100,100],"ix":3},"r":{"a":0,"k":0,"ix":6},"o":{"a":0,"k":100,"ix":7},"sk":{"a":0,"k":0,"ix":4},"sa":{"a":0,"k":0,"ix":5},"nm":"Transform"}],"nm":"Group 12","np":4,"cix":2,"ix":12,"mn":"ADBE Vector Group","hd":false},{"ty":"gr","it":[{"ind":0,"ty":"sh","ix":1,"ks":{"a":0,"k":{"i":[[2.147,-1.214],[6.818,67.313],[15.45,25.93],[-5.32,12.112],[0,0],[-7.122,-11.948],[-6.812,-67.337],[-3.732,1.815],[-9.035,20.576],[0,0]],"o":[[-3.738,1.826],[-6.809,-67.327],[-7.13,-11.962],[0,0],[-5.317,12.098],[15.455,25.92],[6.822,67.316],[2.153,-1.221],[0,0],[-9.028,20.577]],"v":[[60.75,58.208],[-20.713,27.32],[-81.519,-76.835],[-82.89,-114.148],[-91.461,-94.632],[-90.085,-57.333],[-29.281,46.833],[52.183,77.718],[88.646,41.626],[97.207,22.109]],"c":true},"ix":2},"nm":"Path 1","mn":"ADBE Vector Shape - Group","hd":false},{"ty":"fl","c":{"a":0,"k":[1,1,1,1],"ix":4},"o":{"a":0,"k":100,"ix":5},"r":1,"nm":"Fill 1","mn":"ADBE Vector Graphic - Fill","hd":false},{"ty":"tr","p":{"a":0,"k":[218.051,240.381],"ix":2},"a":{"a":0,"k":[0,0],"ix":1},"s":{"a":0,"k":[100,100],"ix":3},"r":{"a":0,"k":0,"ix":6},"o":{"a":0,"k":100,"ix":7},"sk":{"a":0,"k":0,"ix":4},"sa":{"a":0,"k":0,"ix":5},"nm":"Transform"}],"nm":"Group 14","np":2,"cix":2,"ix":13,"mn":"ADBE Vector Group","hd":false},{"ty":"gr","it":[{"ind":0,"ty":"sh","ix":1,"ks":{"a":0,"k":{"i":[[27.551,-7.398],[7.398,-8.673],[-17.857,-17.347],[-4.337,-7.908],[-1.02,-4.847],[-4.082,-9.694],[-14.031,-0.51],[-5.102,26.276],[10.204,11.99],[4.847,8.673],[0,0],[4.082,8.929],[0,0],[13.01,5.102]],"o":[[-27.551,7.398],[-7.398,8.673],[17.857,17.347],[4.337,7.908],[1.02,4.847],[4.082,9.694],[14.031,0.51],[5.102,-26.275],[-10.204,-11.99],[-4.847,-8.673],[0,0],[-4.082,-8.929],[0,0],[-13.01,-5.102]],"v":[[185.115,85.325],[139.707,118.233],[146.595,173.591],[182.819,214.917],[176.442,223.846],[193.023,260.835],[222.105,315.937],[313.942,265.427],[307.564,223.335],[275.166,191.958],[280.779,179.203],[253.227,133.029],[251.697,120.784],[233.33,91.958]],"c":true},"ix":2},"nm":"Path 1","mn":"ADBE Vector Shape - Group","hd":false},{"ty":"st","c":{"a":0,"k":[1,1,1,1],"ix":3},"o":{"a":0,"k":100,"ix":4},"w":{"a":0,"k":8,"ix":5},"lc":1,"lj":1,"ml":4,"ml2":{"a":0,"k":4,"ix":8},"nm":"Stroke 1","mn":"ADBE Vector Graphic - Stroke","hd":true},{"ty":"fl","c":{"a":0,"k":[0.090196080506,0.192156866193,0.623529434204,1],"ix":4},"o":{"a":0,"k":100,"ix":5},"r":1,"nm":"Fill 1","mn":"ADBE Vector Graphic - Fill","hd":false},{"ty":"tr","p":{"a":0,"k":[0,0],"ix":2},"a":{"a":0,"k":[0,0],"ix":1},"s":{"a":0,"k":[100,100],"ix":3},"r":{"a":0,"k":0,"ix":6},"o":{"a":0,"k":100,"ix":7},"sk":{"a":0,"k":0,"ix":4},"sa":{"a":0,"k":0,"ix":5},"nm":"Transform"}],"nm":"Shape 1","np":3,"cix":2,"ix":14,"mn":"ADBE Vector Group","hd":false}],"ip":0,"op":210,"st":0,"bm":0},{"ddd":0,"ind":12,"ty":4,"nm":"Shape Layer 17","td":1,"sr":1,"ks":{"o":{"a":0,"k":100,"ix":11},"r":{"a":0,"k":0,"ix":10},"p":{"a":1,"k":[{"i":{"x":0.833,"y":1},"o":{"x":0.619,"y":0},"n":"0p833_1_0p619_0","t":35,"s":[-532,1032,0],"e":[0,772,0],"to":[88.6666641235352,-43.3333320617676,0],"ti":[-138.66667175293,66,0]},{"i":{"x":0.833,"y":1},"o":{"x":0.619,"y":0},"n":"0p833_1_0p619_0","t":52,"s":[0,772,0],"e":[300,636,0],"to":[138.66667175293,-66,0],"ti":[-69.3333358764648,32,0]},{"i":{"x":0,"y":1},"o":{"x":0.619,"y":0},"n":"0_1_0p619_0","t":75,"s":[300,636,0],"e":[416,580,0],"to":[69.3333358764648,-32,0],"ti":[-185.33332824707,79.3333358764648,0]},{"i":{"x":0,"y":1},"o":{"x":0.271,"y":0},"n":"0_1_0p271_0","t":100,"s":[416,580,0],"e":[1412,160,0],"to":[185.33332824707,-79.3333358764648,0],"ti":[-166,70,0]},{"t":127}],"ix":2},"a":{"a":0,"k":[0,0,0],"ix":1},"s":{"a":0,"k":[100,100,100],"ix":6}},"ao":0,"shapes":[{"ty":"gr","it":[{"ty":"rc","d":1,"s":{"a":0,"k":[492,1480],"ix":2},"p":{"a":0,"k":[0,0],"ix":3},"r":{"a":0,"k":0,"ix":4},"nm":"Rectangle Path 1","mn":"ADBE Vector Shape - Rect","hd":false},{"ty":"st","c":{"a":0,"k":[1,1,1,1],"ix":3},"o":{"a":0,"k":100,"ix":4},"w":{"a":0,"k":19,"ix":5},"lc":1,"lj":1,"ml":4,"ml2":{"a":0,"k":4,"ix":8},"nm":"Stroke 1","mn":"ADBE Vector Graphic - Stroke","hd":true},{"ty":"fl","c":{"a":0,"k":[0.717647058824,0.036585927477,0.036585927477,1],"ix":4},"o":{"a":0,"k":100,"ix":5},"r":1,"nm":"Fill 1","mn":"ADBE Vector Graphic - Fill","hd":false},{"ty":"tr","p":{"a":0,"k":[66,-120],"ix":2},"a":{"a":0,"k":[0,0],"ix":1},"s":{"a":0,"k":[205.221,100],"ix":3},"r":{"a":0,"k":-29.156,"ix":6},"o":{"a":0,"k":100,"ix":7},"sk":{"a":0,"k":0,"ix":4},"sa":{"a":0,"k":0,"ix":5},"nm":"Transform"}],"nm":"Rectangle 1","np":3,"cix":2,"ix":1,"mn":"ADBE Vector Group","hd":false}],"ip":0,"op":210,"st":0,"bm":0},{"ddd":0,"ind":13,"ty":4,"nm":"Shape Layer 3","tt":1,"sr":1,"ks":{"o":{"a":0,"k":100,"ix":11},"r":{"a":0,"k":-10.112,"ix":10},"p":{"a":0,"k":[446,596,0],"ix":2},"a":{"a":0,"k":[0,0,0],"ix":1},"s":{"a":0,"k":[100,100,100],"ix":6}},"ao":0,"ef":[{"ty":5,"nm":"Linear Wipe","np":5,"mn":"ADBE Linear Wipe","ix":1,"en":1,"ef":[{"ty":0,"nm":"Transition Completion","mn":"ADBE Linear Wipe-0001","ix":1,"v":{"a":0,"k":0,"ix":1}},{"ty":0,"nm":"Wipe Angle","mn":"ADBE Linear Wipe-0002","ix":2,"v":{"a":0,"k":-135,"ix":2}},{"ty":0,"nm":"Feather","mn":"ADBE Linear Wipe-0003","ix":3,"v":{"a":0,"k":0,"ix":3}}]}],"shapes":[{"ty":"gr","it":[{"ind":0,"ty":"sh","ix":1,"ks":{"a":0,"k":{"i":[[0,0],[332,-292],[-388,24]],"o":[[0,0],[4,0],[-2,0]],"v":[[386,-316],[-328,14],[386,-282]],"c":true},"ix":2},"nm":"Path 1","mn":"ADBE Vector Shape - Group","hd":false},{"ty":"st","c":{"a":0,"k":[0.090196078431,0.192156862745,0.623529411765,1],"ix":3},"o":{"a":0,"k":100,"ix":4},"w":{"a":0,"k":8,"ix":5},"lc":1,"lj":1,"ml":4,"ml2":{"a":0,"k":4,"ix":8},"nm":"Stroke 1","mn":"ADBE Vector Graphic - Stroke","hd":true},{"ty":"fl","c":{"a":0,"k":[1,1,1,1],"ix":4},"o":{"a":0,"k":100,"ix":5},"r":1,"nm":"Fill 1","mn":"ADBE Vector Graphic - Fill","hd":false},{"ty":"tr","p":{"a":0,"k":[0,0],"ix":2},"a":{"a":0,"k":[0,0],"ix":1},"s":{"a":0,"k":[100,100],"ix":3},"r":{"a":0,"k":0,"ix":6},"o":{"a":0,"k":100,"ix":7},"sk":{"a":0,"k":0,"ix":4},"sa":{"a":0,"k":0,"ix":5},"nm":"Transform"}],"nm":"Shape 1","np":3,"cix":2,"ix":1,"mn":"ADBE Vector Group","hd":false}],"ip":0,"op":270,"st":0,"bm":0},{"ddd":0,"ind":14,"ty":4,"nm":"Shape Layer 16","td":1,"sr":1,"ks":{"o":{"a":0,"k":100,"ix":11},"r":{"a":0,"k":0,"ix":10},"p":{"a":1,"k":[{"i":{"x":0.833,"y":1},"o":{"x":0.619,"y":0},"n":"0p833_1_0p619_0","t":35,"s":[-324,964,0],"e":[0,772,0],"to":[54,-32,0],"ti":[-104,54.6666679382324,0]},{"i":{"x":0.833,"y":1},"o":{"x":0.619,"y":0},"n":"0p833_1_0p619_0","t":52,"s":[0,772,0],"e":[300,636,0],"to":[104,-54.6666679382324,0],"ti":[-69.3333358764648,32,0]},{"i":{"x":0,"y":1},"o":{"x":0.619,"y":0},"n":"0_1_0p619_0","t":75,"s":[300,636,0],"e":[416,580,0],"to":[69.3333358764648,-32,0],"ti":[-185.33332824707,79.3333358764648,0]},{"i":{"x":0,"y":1},"o":{"x":0.271,"y":0},"n":"0_1_0p271_0","t":100,"s":[416,580,0],"e":[1412,160,0],"to":[185.33332824707,-79.3333358764648,0],"ti":[-166,70,0]},{"t":127}],"ix":2},"a":{"a":0,"k":[0,0,0],"ix":1},"s":{"a":0,"k":[100,100,100],"ix":6}},"ao":0,"shapes":[{"ty":"gr","it":[{"ty":"rc","d":1,"s":{"a":0,"k":[492,1480],"ix":2},"p":{"a":0,"k":[0,0],"ix":3},"r":{"a":0,"k":0,"ix":4},"nm":"Rectangle Path 1","mn":"ADBE Vector Shape - Rect","hd":false},{"ty":"st","c":{"a":0,"k":[1,1,1,1],"ix":3},"o":{"a":0,"k":100,"ix":4},"w":{"a":0,"k":19,"ix":5},"lc":1,"lj":1,"ml":4,"ml2":{"a":0,"k":4,"ix":8},"nm":"Stroke 1","mn":"ADBE Vector Graphic - Stroke","hd":true},{"ty":"fl","c":{"a":0,"k":[0.717647058824,0.036585927477,0.036585927477,1],"ix":4},"o":{"a":0,"k":100,"ix":5},"r":1,"nm":"Fill 1","mn":"ADBE Vector Graphic - Fill","hd":false},{"ty":"tr","p":{"a":0,"k":[66,-120],"ix":2},"a":{"a":0,"k":[0,0],"ix":1},"s":{"a":0,"k":[205.221,100],"ix":3},"r":{"a":0,"k":-29.156,"ix":6},"o":{"a":0,"k":100,"ix":7},"sk":{"a":0,"k":0,"ix":4},"sa":{"a":0,"k":0,"ix":5},"nm":"Transform"}],"nm":"Rectangle 1","np":3,"cix":2,"ix":1,"mn":"ADBE Vector Group","hd":false}],"ip":0,"op":210,"st":0,"bm":0},{"ddd":0,"ind":15,"ty":4,"nm":"Shape Layer 1","tt":1,"sr":1,"ks":{"o":{"a":0,"k":100,"ix":11},"r":{"a":0,"k":-10.112,"ix":10},"p":{"a":0,"k":[414,360,0],"ix":2},"a":{"a":0,"k":[0,0,0],"ix":1},"s":{"a":0,"k":[100,100,100],"ix":6}},"ao":0,"ef":[{"ty":5,"nm":"Linear Wipe","np":5,"mn":"ADBE Linear Wipe","ix":1,"en":1,"ef":[{"ty":0,"nm":"Transition Completion","mn":"ADBE Linear Wipe-0001","ix":1,"v":{"a":0,"k":0,"ix":1}},{"ty":0,"nm":"Wipe Angle","mn":"ADBE Linear Wipe-0002","ix":2,"v":{"a":0,"k":-135,"ix":2}},{"ty":0,"nm":"Feather","mn":"ADBE Linear Wipe-0003","ix":3,"v":{"a":0,"k":0,"ix":3}}]}],"shapes":[{"ty":"gr","it":[{"ind":0,"ty":"sh","ix":1,"ks":{"a":0,"k":{"i":[[0,0],[332,-292],[-388,24]],"o":[[0,0],[4,0],[-2,0]],"v":[[386,-316],[-328,14],[386,-282]],"c":true},"ix":2},"nm":"Path 1","mn":"ADBE Vector Shape - Group","hd":false},{"ty":"st","c":{"a":0,"k":[0.090196078431,0.192156862745,0.623529411765,1],"ix":3},"o":{"a":0,"k":100,"ix":4},"w":{"a":0,"k":8,"ix":5},"lc":1,"lj":1,"ml":4,"ml2":{"a":0,"k":4,"ix":8},"nm":"Stroke 1","mn":"ADBE Vector Graphic - Stroke","hd":true},{"ty":"fl","c":{"a":0,"k":[1,1,1,1],"ix":4},"o":{"a":0,"k":100,"ix":5},"r":1,"nm":"Fill 1","mn":"ADBE Vector Graphic - Fill","hd":false},{"ty":"tr","p":{"a":0,"k":[0,0],"ix":2},"a":{"a":0,"k":[0,0],"ix":1},"s":{"a":0,"k":[100,100],"ix":3},"r":{"a":0,"k":0,"ix":6},"o":{"a":0,"k":100,"ix":7},"sk":{"a":0,"k":0,"ix":4},"sa":{"a":0,"k":0,"ix":5},"nm":"Transform"}],"nm":"Shape 1","np":3,"cix":2,"ix":1,"mn":"ADBE Vector Group","hd":false}],"ip":0,"op":232,"st":0,"bm":0},{"ddd":0,"ind":16,"ty":1,"nm":"Deep Blue Solid 4","sr":1,"ks":{"o":{"a":0,"k":100,"ix":11},"r":{"a":0,"k":0,"ix":10},"p":{"a":0,"k":[360,360,0],"ix":2},"a":{"a":0,"k":[360,360,0],"ix":1},"s":{"a":0,"k":[100,100,100],"ix":6}},"ao":0,"hasMask":true,"masksProperties":[{"inv":false,"mode":"a","pt":{"a":1,"k":[{"i":{"x":0.667,"y":1},"o":{"x":0.333,"y":0},"n":"0p667_1_0p333_0","t":31,"s":[{"i":[[0,0],[0,0],[0,0],[0,0]],"o":[[0,0],[0,0],[0,0],[0,0]],"v":[[-349.284,29.416],[-599.554,131.352],[-131.805,1279.747],[118.464,1177.811]],"c":true}],"e":[{"i":[[0,0],[0,0],[0,0],[0,0]],"o":[[0,0],[0,0],[0,0],[0,0]],"v":[[834.716,-606.584],[584.447,-504.648],[1052.195,643.747],[1302.465,541.811]],"c":true}]},{"t":114}],"ix":1},"o":{"a":0,"k":100,"ix":3},"x":{"a":0,"k":0,"ix":4},"nm":"Mask 1"}],"sw":720,"sh":720,"sc":"#1c37a9","ip":0,"op":210,"st":0,"bm":0},{"ddd":0,"ind":17,"ty":1,"nm":"Deep Blue Solid 3","sr":1,"ks":{"o":{"a":0,"k":100,"ix":11},"r":{"a":0,"k":0,"ix":10},"p":{"a":0,"k":[360,360,0],"ix":2},"a":{"a":0,"k":[360,360,0],"ix":1},"s":{"a":0,"k":[100,100,100],"ix":6}},"ao":0,"sw":720,"sh":720,"sc":"#17319f","ip":0,"op":210,"st":0,"bm":0}],"markers":[]}