{"v":"5.6.10","fr":30,"ip":0,"op":83,"w":610,"h":647,"nm":"合成 1","ddd":0,"assets":[{"id":"image_0","w":627,"h":41,"u":"images/","p":"img_0.png","e":0},{"id":"image_1","w":72,"h":72,"u":"images/","p":"img_1.png","e":0},{"id":"image_2","w":142,"h":152,"u":"images/","p":"img_2.png","e":0},{"id":"image_3","w":76,"h":74,"u":"images/","p":"img_3.png","e":0},{"id":"image_4","w":122,"h":103,"u":"images/","p":"img_4.png","e":0},{"id":"image_5","w":112,"h":109,"u":"images/","p":"img_5.png","e":0},{"id":"image_6","w":140,"h":107,"u":"images/","p":"img_6.png","e":0},{"id":"image_7","w":161,"h":215,"u":"images/","p":"img_7.png","e":0},{"id":"image_8","w":148,"h":217,"u":"images/","p":"img_8.png","e":0},{"id":"image_9","w":475,"h":481,"u":"images/","p":"img_9.png","e":0},{"id":"image_10","w":1080,"h":1045,"u":"images/","p":"img_10.png","e":0},{"id":"image_11","w":968,"h":445,"u":"images/","p":"img_11.png","e":0},{"id":"comp_0","layers":[{"ddd":0,"ind":1,"ty":2,"nm":"风口投影.png","cl":"png","parent":5,"refId":"image_0","sr":1,"ks":{"o":{"a":1,"k":[{"i":{"x":[0.833],"y":[0.833]},"o":{"x":[0.167],"y":[0.167]},"t":6,"s":[0],"e":[100]},{"i":{"x":[0.833],"y":[0.833]},"o":{"x":[0.167],"y":[0.167]},"t":7.2,"s":[100],"e":[99]},{"i":{"x":[0.833],"y":[0.833]},"o":{"x":[0.167],"y":[0.167]},"t":70.8,"s":[99],"e":[0]},{"t":72}],"ix":11},"r":{"a":0,"k":0,"ix":10},"p":{"a":0,"k":[304,499.5,0],"ix":2},"a":{"a":0,"k":[313.5,20.5,0],"ix":1},"s":{"a":0,"k":[100,100,100],"ix":6}},"ao":0,"ip":0,"op":90,"st":0,"bm":0},{"ddd":0,"ind":2,"ty":1,"nm":"黑色 纯色 3","parent":5,"td":1,"sr":1,"ks":{"o":{"a":0,"k":100,"ix":11},"r":{"a":0,"k":0,"ix":10},"p":{"a":0,"k":[224,851.5,0],"ix":2},"a":{"a":0,"k":[540,960,0],"ix":1},"s":{"a":0,"k":[100,100,100],"ix":6}},"ao":0,"hasMask":true,"masksProperties":[{"inv":false,"mode":"a","pt":{"a":0,"k":{"i":[[0,0],[0,0],[0,0],[0,0]],"o":[[0,0],[0,0],[0,0],[0,0]],"v":[[1004.516,590],[91,590],[92,1197.469],[1005.516,1197.469]],"c":true},"ix":1},"o":{"a":0,"k":100,"ix":3},"x":{"a":0,"k":0,"ix":4},"nm":"蒙版 1"}],"sw":1080,"sh":1920,"sc":"#000000","ip":0,"op":90,"st":0,"bm":0},{"ddd":0,"ind":3,"ty":0,"nm":"吸入动画","tt":1,"refId":"comp_1","sr":1,"ks":{"o":{"a":1,"k":[{"i":{"x":[0.833],"y":[0.833]},"o":{"x":[0.167],"y":[0.167]},"t":70.8,"s":[100],"e":[0]},{"t":73.2}],"ix":11},"r":{"a":0,"k":0,"ix":10},"p":{"a":0,"k":[540,960,0],"ix":2},"a":{"a":0,"k":[540,960,0],"ix":1},"s":{"a":0,"k":[100,100,100],"ix":6}},"ao":0,"w":1080,"h":1920,"ip":0,"op":120,"st":0,"bm":0},{"ddd":0,"ind":4,"ty":1,"nm":"黑色 纯色 2","td":1,"sr":1,"ks":{"o":{"a":0,"k":100,"ix":11},"r":{"a":0,"k":0,"ix":10},"p":{"a":0,"k":[540,960,0],"ix":2},"a":{"a":0,"k":[540,960,0],"ix":1},"s":{"a":0,"k":[100,100,100],"ix":6}},"ao":0,"hasMask":true,"masksProperties":[{"inv":false,"mode":"a","pt":{"a":0,"k":{"i":[[0,0],[0,0],[0,0],[0,0]],"o":[[0,0],[0,0],[0,0],[0,0]],"v":[[1007.617,228],[92,228],[94,1203.078],[1003.617,1203.078]],"c":true},"ix":1},"o":{"a":0,"k":100,"ix":3},"x":{"a":0,"k":0,"ix":4},"nm":"蒙版 1"}],"sw":1080,"sh":1920,"sc":"#000000","ip":0,"op":90,"st":0,"bm":0},{"ddd":0,"ind":5,"ty":2,"nm":"吸尘器.png","cl":"png","tt":1,"refId":"image_9","sr":1,"ks":{"o":{"a":1,"k":[{"i":{"x":[0.833],"y":[0.833]},"o":{"x":[0.167],"y":[0.167]},"t":0,"s":[25],"e":[100]},{"i":{"x":[0.833],"y":[0.833]},"o":{"x":[0.167],"y":[0.167]},"t":6,"s":[100],"e":[100]},{"i":{"x":[0.833],"y":[0.833]},"o":{"x":[0.167],"y":[0.167]},"t":73.2,"s":[100],"e":[0]},{"t":81.6}],"ix":11},"r":{"a":0,"k":0,"ix":10},"p":{"a":1,"k":[{"i":{"x":0.833,"y":0.833},"o":{"x":0.167,"y":0.167},"t":0,"s":[553.5,-13,0],"e":[553.5,349,0],"to":[0,60.333,0],"ti":[0,1.667,0]},{"i":{"x":0.833,"y":0.833},"o":{"x":0.167,"y":0.167},"t":6,"s":[553.5,349,0],"e":[553.5,349,0],"to":[0,-1.141,0],"ti":[0,96.818,0]},{"i":{"x":0.833,"y":0.833},"o":{"x":0.167,"y":0.167},"t":73.2,"s":[553.5,349,0],"e":[553.5,-23,0],"to":[0,-23.912,0],"ti":[0,1.798,0]},{"t":81.6}],"ix":2},"a":{"a":0,"k":[237.5,240.5,0],"ix":1},"s":{"a":0,"k":[100,100,100],"ix":6}},"ao":0,"ip":0,"op":90,"st":0,"bm":0},{"ddd":0,"ind":6,"ty":2,"nm":"风力和.png","cl":"png","parent":5,"refId":"image_10","sr":1,"ks":{"o":{"a":1,"k":[{"i":{"x":[0.833],"y":[0.833]},"o":{"x":[0.167],"y":[0.167]},"t":6,"s":[0],"e":[100]},{"i":{"x":[0.833],"y":[0.833]},"o":{"x":[0.167],"y":[0.167]},"t":7.2,"s":[100],"e":[100]},{"i":{"x":[0.833],"y":[0.833]},"o":{"x":[0.167],"y":[0.167]},"t":69.6,"s":[100],"e":[0]},{"t":72}],"ix":11},"r":{"a":0,"k":0,"ix":10},"p":{"a":0,"k":[222.5,412.989,0],"ix":2},"a":{"a":0,"k":[540,522.5,0],"ix":1},"s":{"a":0,"k":[100,100,100],"ix":6}},"ao":0,"ip":0,"op":90,"st":0,"bm":0},{"ddd":0,"ind":7,"ty":2,"nm":"风力底层.png","cl":"png","parent":5,"refId":"image_11","sr":1,"ks":{"o":{"a":1,"k":[{"i":{"x":[0.833],"y":[0.833]},"o":{"x":[0.167],"y":[0.167]},"t":4.8,"s":[0],"e":[100]},{"i":{"x":[0.833],"y":[0.833]},"o":{"x":[0.167],"y":[0.167]},"t":7.2,"s":[100],"e":[99]},{"i":{"x":[0.833],"y":[0.833]},"o":{"x":[0.167],"y":[0.167]},"t":69.6,"s":[99],"e":[0]},{"t":72}],"ix":11},"r":{"a":0,"k":0,"ix":10},"p":{"a":0,"k":[233.5,697.489,0],"ix":2},"a":{"a":0,"k":[484,222.5,0],"ix":1},"s":{"a":0,"k":[100,100,100],"ix":6}},"ao":0,"hasMask":true,"masksProperties":[{"inv":false,"mode":"a","pt":{"a":0,"k":{"i":[[0,0],[0,0],[0,0],[0,0]],"o":[[0,0],[0,0],[0,0],[0,0]],"v":[[941.227,-5],[24.5,-6],[26.5,555.711],[941.227,553.711]],"c":true},"ix":1},"o":{"a":0,"k":100,"ix":3},"x":{"a":0,"k":0,"ix":4},"nm":"蒙版 1"}],"ip":0,"op":90,"st":0,"bm":0}]},{"id":"comp_1","layers":[{"ddd":0,"ind":1,"ty":0,"nm":"app","refId":"comp_2","sr":1,"ks":{"o":{"a":0,"k":100,"ix":11},"r":{"a":0,"k":0,"ix":10},"p":{"a":0,"k":[540,960,0],"ix":2},"a":{"a":0,"k":[540,960,0],"ix":1},"s":{"a":0,"k":[100,100,100],"ix":6}},"ao":0,"hasMask":true,"masksProperties":[{"inv":false,"mode":"a","pt":{"a":0,"k":{"i":[[0,0],[0,0],[0,0],[0,0]],"o":[[0,0],[0,0],[0,0],[0,0]],"v":[[1004.461,613],[90,613],[92,1205.664],[1006.461,1205.664]],"c":true},"ix":1},"o":{"a":0,"k":100,"ix":3},"x":{"a":0,"k":-63,"ix":4},"nm":"蒙版 1"}],"w":1080,"h":1920,"ip":34.8,"op":154.8,"st":34.8,"bm":0},{"ddd":0,"ind":2,"ty":0,"nm":"app","refId":"comp_2","sr":1,"ks":{"o":{"a":0,"k":100,"ix":11},"r":{"a":0,"k":0,"ix":10},"p":{"a":0,"k":[540,960,0],"ix":2},"a":{"a":0,"k":[540,960,0],"ix":1},"s":{"a":0,"k":[100,100,100],"ix":6}},"ao":0,"hasMask":true,"masksProperties":[{"inv":false,"mode":"a","pt":{"a":0,"k":{"i":[[0,0],[0,0],[0,0],[0,0]],"o":[[0,0],[0,0],[0,0],[0,0]],"v":[[1004.461,618],[90,619],[92,1205.664],[1006.461,1204.664]],"c":true},"ix":1},"o":{"a":0,"k":94,"ix":3},"x":{"a":0,"k":-16,"ix":4},"nm":"蒙版 1"}],"w":1080,"h":1920,"ip":18,"op":138,"st":18,"bm":0},{"ddd":0,"ind":3,"ty":0,"nm":"app","refId":"comp_2","sr":1,"ks":{"o":{"a":0,"k":100,"ix":11},"r":{"a":0,"k":0,"ix":10},"p":{"a":0,"k":[540,960,0],"ix":2},"a":{"a":0,"k":[540,960,0],"ix":1},"s":{"a":0,"k":[100,100,100],"ix":6}},"ao":0,"hasMask":true,"masksProperties":[{"inv":false,"mode":"a","pt":{"a":0,"k":{"i":[[0,0],[0,0],[0,0],[0,0]],"o":[[0,0],[0,0],[0,0],[0,0]],"v":[[1004.461,623],[86,623],[88,1205.664],[1006.461,1205.664]],"c":true},"ix":1},"o":{"a":0,"k":100,"ix":3},"x":{"a":0,"k":-28,"ix":4},"nm":"蒙版 1"}],"w":1080,"h":1920,"ip":0,"op":120,"st":0,"bm":0},{"ddd":0,"ind":4,"ty":0,"nm":"线","refId":"comp_3","sr":1,"ks":{"o":{"a":0,"k":100,"ix":11},"r":{"a":0,"k":0,"ix":10},"p":{"a":0,"k":[540,960,0],"ix":2},"a":{"a":0,"k":[540,960,0],"ix":1},"s":{"a":0,"k":[100,100,100],"ix":6}},"ao":0,"hasMask":true,"masksProperties":[{"inv":false,"mode":"a","pt":{"a":0,"k":{"i":[[0,0],[0,0],[0,0],[0,0]],"o":[[0,0],[0,0],[0,0],[0,0]],"v":[[1011.57,606],[90,606],[92,1200.766],[1013.57,1200.766]],"c":true},"ix":1},"o":{"a":0,"k":100,"ix":3},"x":{"a":0,"k":-48,"ix":4},"nm":"蒙版 1"}],"w":1080,"h":1920,"ip":34.8,"op":154.8,"st":34.8,"bm":0},{"ddd":0,"ind":5,"ty":0,"nm":"线","refId":"comp_3","sr":1,"ks":{"o":{"a":0,"k":100,"ix":11},"r":{"a":0,"k":0,"ix":10},"p":{"a":0,"k":[540,960,0],"ix":2},"a":{"a":0,"k":[540,960,0],"ix":1},"s":{"a":0,"k":[100,100,100],"ix":6}},"ao":0,"hasMask":true,"masksProperties":[{"inv":false,"mode":"a","pt":{"a":0,"k":{"i":[[0,0],[0,0],[0,0],[0,0]],"o":[[0,0],[0,0],[0,0],[0,0]],"v":[[1011.57,622],[90,622],[92,1200.766],[1013.57,1200.766]],"c":true},"ix":1},"o":{"a":0,"k":42,"ix":3},"x":{"a":0,"k":-56,"ix":4},"nm":"蒙版 1"}],"w":1080,"h":1920,"ip":18,"op":138,"st":18,"bm":0},{"ddd":0,"ind":6,"ty":0,"nm":"线","refId":"comp_3","sr":1,"ks":{"o":{"a":0,"k":100,"ix":11},"r":{"a":0,"k":0,"ix":10},"p":{"a":0,"k":[540,960,0],"ix":2},"a":{"a":0,"k":[540,960,0],"ix":1},"s":{"a":0,"k":[100,100,100],"ix":6}},"ao":0,"hasMask":true,"masksProperties":[{"inv":false,"mode":"i","pt":{"a":0,"k":{"i":[[0,0],[0,0],[0,0],[0,0]],"o":[[0,0],[0,0],[0,0],[0,0]],"v":[[1009.57,644],[88,644],[92,1200.766],[1013.57,1200.766]],"c":true},"ix":1},"o":{"a":0,"k":99,"ix":3},"x":{"a":0,"k":2,"ix":4},"nm":"蒙版 1"}],"w":1080,"h":1920,"ip":0,"op":120,"st":0,"bm":0}]},{"id":"comp_2","layers":[{"ddd":0,"ind":1,"ty":2,"nm":"椭圆形.png","cl":"png","refId":"image_1","sr":1,"ks":{"o":{"a":1,"k":[{"i":{"x":[0.833],"y":[0.833]},"o":{"x":[0.167],"y":[0.167]},"t":10.8,"s":[1],"e":[100]},{"i":{"x":[0.833],"y":[0.833]},"o":{"x":[0.167],"y":[0.167]},"t":13.2,"s":[100],"e":[99]},{"i":{"x":[0.833],"y":[0.833]},"o":{"x":[0.167],"y":[0.167]},"t":19.2,"s":[99],"e":[1]},{"t":20.4}],"ix":11},"r":{"a":0,"k":0,"ix":10},"p":{"a":1,"k":[{"i":{"x":0.833,"y":0.833},"o":{"x":0.167,"y":0.167},"t":10.8,"s":[727,969,0],"e":[586,555,0],"to":[-99.167,-210.667,0],"ti":[10.167,64.667,0]},{"t":20.4}],"ix":2},"a":{"a":0,"k":[36,36,0],"ix":1},"s":{"a":0,"k":[33,33,100],"ix":6}},"ao":0,"ip":0,"op":120,"st":0,"bm":0},{"ddd":0,"ind":2,"ty":2,"nm":"椭圆形.png","cl":"png","refId":"image_1","sr":1,"ks":{"o":{"a":0,"k":100,"ix":11},"r":{"a":0,"k":0,"ix":10},"p":{"a":1,"k":[{"i":{"x":0.833,"y":0.833},"o":{"x":0.167,"y":0.167},"t":9.6,"s":[104,845,0],"e":[388,541,0],"to":[47.333,-50.667,0],"ti":[-149.333,270.667,0]},{"t":22.8}],"ix":2},"a":{"a":0,"k":[36,36,0],"ix":1},"s":{"a":0,"k":[22,22,100],"ix":6}},"ao":0,"ip":0,"op":120,"st":0,"bm":0},{"ddd":0,"ind":3,"ty":2,"nm":"椭圆形.png","cl":"png","refId":"image_1","sr":1,"ks":{"o":{"a":1,"k":[{"i":{"x":[0.833],"y":[0.833]},"o":{"x":[0.167],"y":[0.167]},"t":22.8,"s":[0],"e":[100]},{"i":{"x":[0.833],"y":[0.833]},"o":{"x":[0.167],"y":[0.167]},"t":24,"s":[100],"e":[99]},{"i":{"x":[0.833],"y":[0.833]},"o":{"x":[0.167],"y":[0.167]},"t":32.4,"s":[99],"e":[11]},{"t":34.8}],"ix":11},"r":{"a":0,"k":0,"ix":10},"p":{"a":1,"k":[{"i":{"x":0.833,"y":0.833},"o":{"x":0.167,"y":0.167},"t":22.8,"s":[286,979,0],"e":[460,559,0],"to":[91,-99,0],"ti":[-1,141,0]},{"t":34.8}],"ix":2},"a":{"a":0,"k":[36,36,0],"ix":1},"s":{"a":1,"k":[{"i":{"x":[0.833,0.833,0.833],"y":[0.833,0.833,0.833]},"o":{"x":[0.167,0.167,0.167],"y":[0.167,0.167,0.167]},"t":22.8,"s":[100,100,100],"e":[11,11,100]},{"t":34.8}],"ix":6}},"ao":0,"ip":0,"op":120,"st":0,"bm":0},{"ddd":0,"ind":4,"ty":2,"nm":"椭圆形.png","cl":"png","refId":"image_1","sr":1,"ks":{"o":{"a":1,"k":[{"i":{"x":[0.833],"y":[0.833]},"o":{"x":[0.167],"y":[0.167]},"t":24,"s":[0],"e":[100]},{"t":25.2}],"ix":11},"r":{"a":0,"k":0,"ix":10},"p":{"a":1,"k":[{"i":{"x":0.833,"y":0.833},"o":{"x":0.167,"y":0.167},"t":25.2,"s":[980,883,0],"e":[730,551,0],"to":[-45.667,-5,0],"ti":[25.667,139,0]},{"t":38.4}],"ix":2},"a":{"a":0,"k":[36,36,0],"ix":1},"s":{"a":1,"k":[{"i":{"x":[0.833,0.833,0.833],"y":[0.833,0.833,0.833]},"o":{"x":[0.167,0.167,0.167],"y":[0.167,0.167,0.167]},"t":25.2,"s":[100,100,100],"e":[44,44,100]},{"i":{"x":[0.833,0.833,0.833],"y":[0.833,0.833,0.833]},"o":{"x":[0.167,0.167,0.167],"y":[0.167,0.167,0.167]},"t":28.8,"s":[44,44,100],"e":[20,20,100]},{"t":38.4}],"ix":6}},"ao":0,"ip":0,"op":120,"st":0,"bm":0},{"ddd":0,"ind":5,"ty":2,"nm":"椭圆形.png","cl":"png","refId":"image_1","sr":1,"ks":{"o":{"a":1,"k":[{"i":{"x":[0.833],"y":[0.833]},"o":{"x":[0.167],"y":[0.167]},"t":12,"s":[0],"e":[100]},{"i":{"x":[0.833],"y":[0.833]},"o":{"x":[0.167],"y":[0.167]},"t":14.4,"s":[100],"e":[99]},{"i":{"x":[0.833],"y":[0.833]},"o":{"x":[0.167],"y":[0.167]},"t":30,"s":[99],"e":[12]},{"t":32.4}],"ix":11},"r":{"a":0,"k":0,"ix":10},"p":{"a":1,"k":[{"i":{"x":0.833,"y":0.833},"o":{"x":0.167,"y":0.167},"t":12,"s":[1038,1029,0],"e":[674.109,563.046,0],"to":[-50.79,-30.027,0],"ti":[69.398,271.169,0]},{"i":{"x":0.833,"y":0.833},"o":{"x":0.167,"y":0.167},"t":31.2,"s":[674.109,563.046,0],"e":[678,535,0],"to":[-3.02,-11.799,0],"ti":[2.377,12.231,0]},{"t":32.4}],"ix":2},"a":{"a":0,"k":[36,36,0],"ix":1},"s":{"a":1,"k":[{"i":{"x":[0.833,0.833,0.833],"y":[0.833,0.833,0.833]},"o":{"x":[0.167,0.167,0.167],"y":[0.167,0.167,0.167]},"t":12,"s":[100,100,100],"e":[30,30,100]},{"t":32.4}],"ix":6}},"ao":0,"ip":0,"op":120,"st":0,"bm":0},{"ddd":0,"ind":6,"ty":2,"nm":"压缩包1.png","cl":"png","refId":"image_2","sr":1,"ks":{"o":{"a":1,"k":[{"i":{"x":[0.833],"y":[0.833]},"o":{"x":[0.167],"y":[0.167]},"t":13.2,"s":[0],"e":[100]},{"i":{"x":[0.833],"y":[0.833]},"o":{"x":[0.167],"y":[0.167]},"t":14.4,"s":[100],"e":[100]},{"i":{"x":[0.833],"y":[0.833]},"o":{"x":[0.167],"y":[0.167]},"t":28.8,"s":[100],"e":[37]},{"t":31.2}],"ix":11},"r":{"a":1,"k":[{"i":{"x":[0.833],"y":[0.833]},"o":{"x":[0.167],"y":[0.167]},"t":13.2,"s":[0],"e":[82]},{"t":31.2}],"ix":10},"p":{"a":1,"k":[{"i":{"x":0.833,"y":0.833},"o":{"x":0.167,"y":0.167},"t":13.2,"s":[58,940,0],"e":[448,534,0],"to":[131,-87.667,0],"ti":[-152.667,280.333,0]},{"t":31.2}],"ix":2},"a":{"a":0,"k":[71,76,0],"ix":1},"s":{"a":1,"k":[{"i":{"x":[0.833,0.833,0.833],"y":[0.833,0.833,0.833]},"o":{"x":[0.167,0.167,0.167],"y":[0.167,0.167,0.167]},"t":13.2,"s":[100,100,100],"e":[41,41,100]},{"t":31.2}],"ix":6}},"ao":0,"ip":0,"op":120,"st":0,"bm":0},{"ddd":0,"ind":7,"ty":2,"nm":"方形.png","cl":"png","refId":"image_3","sr":1,"ks":{"o":{"a":1,"k":[{"i":{"x":[0.833],"y":[0.833]},"o":{"x":[0.167],"y":[0.167]},"t":15.6,"s":[0],"e":[99]},{"i":{"x":[0.833],"y":[0.833]},"o":{"x":[0.167],"y":[0.167]},"t":18,"s":[99],"e":[100]},{"i":{"x":[0.833],"y":[0.833]},"o":{"x":[0.167],"y":[0.167]},"t":33.6,"s":[100],"e":[39]},{"t":38.4}],"ix":11},"r":{"a":1,"k":[{"i":{"x":[0.833],"y":[0.833]},"o":{"x":[0.167],"y":[0.167]},"t":15.6,"s":[0],"e":[75]},{"t":38.4}],"ix":10},"p":{"a":1,"k":[{"i":{"x":0.833,"y":0.833},"o":{"x":0.167,"y":0.167},"t":15.6,"s":[820,940,0],"e":[614,510,0],"to":[-25,-20,0],"ti":[39,246,0]},{"t":38.4}],"ix":2},"a":{"a":0,"k":[38,37,0],"ix":1},"s":{"a":1,"k":[{"i":{"x":[0.833,0.833,0.833],"y":[0.833,0.833,0.833]},"o":{"x":[0.167,0.167,0.167],"y":[0.167,0.167,0.167]},"t":15.6,"s":[100,100,100],"e":[48,48,100]},{"t":38.4}],"ix":6}},"ao":0,"ip":0,"op":120,"st":0,"bm":0},{"ddd":0,"ind":8,"ty":2,"nm":"安卓.png","cl":"png","refId":"image_4","sr":1,"ks":{"o":{"a":1,"k":[{"i":{"x":[0.833],"y":[0.833]},"o":{"x":[0.167],"y":[0.167]},"t":7.2,"s":[0],"e":[100]},{"i":{"x":[0.833],"y":[0.833]},"o":{"x":[0.167],"y":[0.167]},"t":8.4,"s":[100],"e":[99]},{"i":{"x":[0.833],"y":[0.833]},"o":{"x":[0.167],"y":[0.167]},"t":26.4,"s":[99],"e":[33]},{"t":32.4}],"ix":11},"r":{"a":1,"k":[{"i":{"x":[0.833],"y":[0.833]},"o":{"x":[0.167],"y":[0.167]},"t":7.2,"s":[0],"e":[75]},{"t":32.4}],"ix":10},"p":{"a":1,"k":[{"i":{"x":0.833,"y":0.833},"o":{"x":0.167,"y":0.167},"t":7.2,"s":[656,964,0],"e":[592,520,0],"to":[-10.667,-74,0],"ti":[-3.333,300,0]},{"t":32.4}],"ix":2},"a":{"a":0,"k":[61,51.5,0],"ix":1},"s":{"a":1,"k":[{"i":{"x":[0.833,0.833,0.833],"y":[0.833,0.833,0.833]},"o":{"x":[0.167,0.167,0.167],"y":[0.167,0.167,0.167]},"t":7.2,"s":[100,100,100],"e":[66,66,100]},{"t":32.4}],"ix":6}},"ao":0,"ip":0,"op":120,"st":0,"bm":0},{"ddd":0,"ind":9,"ty":2,"nm":"照片.png","cl":"png","refId":"image_5","sr":1,"ks":{"o":{"a":1,"k":[{"i":{"x":[0.833],"y":[0.833]},"o":{"x":[0.167],"y":[0.167]},"t":7.2,"s":[0],"e":[100]},{"i":{"x":[0.833],"y":[0.833]},"o":{"x":[0.167],"y":[0.167]},"t":9.6,"s":[100],"e":[99]},{"i":{"x":[0.833],"y":[0.833]},"o":{"x":[0.167],"y":[0.167]},"t":21.6,"s":[99],"e":[30]},{"t":24}],"ix":11},"r":{"a":1,"k":[{"i":{"x":[0.833],"y":[0.833]},"o":{"x":[0.167],"y":[0.167]},"t":7.2,"s":[29],"e":[-36]},{"t":24}],"ix":10},"p":{"a":1,"k":[{"i":{"x":0.833,"y":0.833},"o":{"x":0.167,"y":0.167},"t":7.2,"s":[1002,908,0],"e":[682,534,0],"to":[-53.333,-62.333,0],"ti":[101.333,264.333,0]},{"t":24}],"ix":2},"a":{"a":0,"k":[56,54.5,0],"ix":1},"s":{"a":1,"k":[{"i":{"x":[0.833,0.833,0.833],"y":[0.833,0.833,0.833]},"o":{"x":[0.167,0.167,0.167],"y":[0.167,0.167,0.167]},"t":7.2,"s":[100,100,100],"e":[48,48,100]},{"t":24}],"ix":6}},"ao":0,"ip":0,"op":120,"st":0,"bm":0},{"ddd":0,"ind":10,"ty":2,"nm":"信封.png","cl":"png","refId":"image_6","sr":1,"ks":{"o":{"a":1,"k":[{"i":{"x":[0.833],"y":[0.833]},"o":{"x":[0.167],"y":[0.167]},"t":7.2,"s":[0],"e":[100]},{"t":9.6}],"ix":11},"r":{"a":0,"k":0,"ix":10},"p":{"a":1,"k":[{"i":{"x":0.833,"y":0.833},"o":{"x":0.167,"y":0.167},"t":7.2,"s":[338,964,0],"e":[480,508,0],"to":[122,-304.667,0],"ti":[-23.667,76,0]},{"t":20.4}],"ix":2},"a":{"a":0,"k":[70,53.5,0],"ix":1},"s":{"a":1,"k":[{"i":{"x":[0.833,0.833,0.833],"y":[0.833,0.833,0.833]},"o":{"x":[0.167,0.167,0.167],"y":[0.167,0.167,0.167]},"t":7.2,"s":[100,100,100],"e":[53,53,100]},{"t":20.4}],"ix":6}},"ao":0,"ip":0,"op":120,"st":0,"bm":0}]},{"id":"comp_3","layers":[{"ddd":0,"ind":1,"ty":2,"nm":"线右1","refId":"image_7","sr":1,"ks":{"o":{"a":1,"k":[{"i":{"x":[0.833],"y":[0.833]},"o":{"x":[0.167],"y":[0.167]},"t":19.2,"s":[0],"e":[99]},{"i":{"x":[0.833],"y":[0.833]},"o":{"x":[0.167],"y":[0.167]},"t":20.4,"s":[99],"e":[100]},{"i":{"x":[0.833],"y":[0.833]},"o":{"x":[0.167],"y":[0.167]},"t":33.6,"s":[100],"e":[18]},{"t":37.2}],"ix":11},"r":{"a":1,"k":[{"i":{"x":[0.833],"y":[0.833]},"o":{"x":[0.167],"y":[0.167]},"t":20.4,"s":[83],"e":[128]},{"t":37.2}],"ix":10},"p":{"a":1,"k":[{"i":{"x":0.833,"y":0.833},"o":{"x":0.167,"y":0.167},"t":20.4,"s":[991.803,898.803,0],"e":[713.803,516.803,0],"to":[-87.333,-42.333,0],"ti":[93.333,244.333,0]},{"t":37.2}],"ix":2},"a":{"a":0,"k":[80.5,107.5,0],"ix":1},"s":{"a":1,"k":[{"i":{"x":[0.833,0.833,0.833],"y":[0.833,0.833,0.833]},"o":{"x":[0.167,0.167,0.167],"y":[0.167,0.167,0.167]},"t":20.4,"s":[49,49,100],"e":[21,21,100]},{"t":37.2}],"ix":6}},"ao":0,"ip":0,"op":120,"st":0,"bm":0},{"ddd":0,"ind":2,"ty":2,"nm":"线右1","refId":"image_7","sr":1,"ks":{"o":{"a":1,"k":[{"i":{"x":[0.833],"y":[0.833]},"o":{"x":[0.167],"y":[0.167]},"t":8.4,"s":[0],"e":[99]},{"i":{"x":[0.833],"y":[0.833]},"o":{"x":[0.167],"y":[0.167]},"t":9.6,"s":[99],"e":[100]},{"i":{"x":[0.833],"y":[0.833]},"o":{"x":[0.167],"y":[0.167]},"t":22.8,"s":[100],"e":[18]},{"t":26.4}],"ix":11},"r":{"a":1,"k":[{"i":{"x":[0.833],"y":[0.833]},"o":{"x":[0.167],"y":[0.167]},"t":9.6,"s":[83],"e":[128]},{"t":26.4}],"ix":10},"p":{"a":1,"k":[{"i":{"x":0.833,"y":0.833},"o":{"x":0.167,"y":0.167},"t":9.6,"s":[991.803,898.803,0],"e":[713.803,516.803,0],"to":[-87.333,-42.333,0],"ti":[93.333,244.333,0]},{"t":26.4}],"ix":2},"a":{"a":0,"k":[80.5,107.5,0],"ix":1},"s":{"a":1,"k":[{"i":{"x":[0.833,0.833,0.833],"y":[0.833,0.833,0.833]},"o":{"x":[0.167,0.167,0.167],"y":[0.167,0.167,0.167]},"t":9.6,"s":[100,100,100],"e":[72,72,100]},{"t":26.4}],"ix":6}},"ao":0,"ip":0,"op":120,"st":0,"bm":0},{"ddd":0,"ind":3,"ty":2,"nm":"线右2","refId":"image_7","sr":1,"ks":{"o":{"a":1,"k":[{"i":{"x":[0.833],"y":[0.833]},"o":{"x":[0.167],"y":[0.167]},"t":25.2,"s":[0],"e":[100]},{"i":{"x":[0.833],"y":[0.833]},"o":{"x":[0.167],"y":[0.167]},"t":26.4,"s":[100],"e":[100]},{"i":{"x":[0.833],"y":[0.833]},"o":{"x":[0.167],"y":[0.167]},"t":39.6,"s":[100],"e":[24]},{"t":42}],"ix":11},"r":{"a":1,"k":[{"i":{"x":[0.833],"y":[0.833]},"o":{"x":[0.167],"y":[0.167]},"t":26.4,"s":[104],"e":[139]},{"t":42}],"ix":10},"p":{"a":1,"k":[{"i":{"x":0.833,"y":0.833},"o":{"x":0.167,"y":0.167},"t":25.2,"s":[825.803,970.803,0],"e":[811.803,954.803,0],"to":[-2.333,-2.667,0],"ti":[48.144,65.286,0]},{"i":{"x":0.833,"y":0.833},"o":{"x":0.167,"y":0.167},"t":26.4,"s":[811.803,954.803,0],"e":[593.803,526.803,0],"to":[-44,-59.667,0],"ti":[73.667,237,0]},{"t":42}],"ix":2},"a":{"a":0,"k":[80.5,107.5,0],"ix":1},"s":{"a":1,"k":[{"i":{"x":[0.833,0.833,0.833],"y":[0.833,0.833,0.833]},"o":{"x":[0.167,0.167,0.167],"y":[0.167,0.167,0.167]},"t":26.4,"s":[100,100,100],"e":[73,73,100]},{"t":42}],"ix":6}},"ao":0,"ip":0,"op":120,"st":0,"bm":0},{"ddd":0,"ind":4,"ty":2,"nm":"线右2","refId":"image_7","sr":1,"ks":{"o":{"a":1,"k":[{"i":{"x":[0.833],"y":[0.833]},"o":{"x":[0.167],"y":[0.167]},"t":18,"s":[0],"e":[100]},{"i":{"x":[0.833],"y":[0.833]},"o":{"x":[0.167],"y":[0.167]},"t":19.2,"s":[100],"e":[100]},{"i":{"x":[0.833],"y":[0.833]},"o":{"x":[0.167],"y":[0.167]},"t":32.4,"s":[100],"e":[24]},{"t":34.8}],"ix":11},"r":{"a":1,"k":[{"i":{"x":[0.833],"y":[0.833]},"o":{"x":[0.167],"y":[0.167]},"t":19.2,"s":[104],"e":[139]},{"t":34.8}],"ix":10},"p":{"a":1,"k":[{"i":{"x":0.833,"y":0.833},"o":{"x":0.167,"y":0.167},"t":18,"s":[909.803,1044.803,0],"e":[829.803,946.803,0],"to":[-13.333,-16.333,0],"ti":[48.144,65.286,0]},{"i":{"x":0.833,"y":0.833},"o":{"x":0.167,"y":0.167},"t":19.2,"s":[829.803,946.803,0],"e":[621.803,522.803,0],"to":[-44,-59.667,0],"ti":[87.667,307,0]},{"t":34.8}],"ix":2},"a":{"a":0,"k":[80.5,107.5,0],"ix":1},"s":{"a":1,"k":[{"i":{"x":[0.833,0.833,0.833],"y":[0.833,0.833,0.833]},"o":{"x":[0.167,0.167,0.167],"y":[0.167,0.167,0.167]},"t":19.2,"s":[100,100,100],"e":[73,73,100]},{"t":34.8}],"ix":6}},"ao":0,"ip":0,"op":120,"st":0,"bm":0},{"ddd":0,"ind":5,"ty":2,"nm":"线右2","refId":"image_7","sr":1,"ks":{"o":{"a":1,"k":[{"i":{"x":[0.833],"y":[0.833]},"o":{"x":[0.167],"y":[0.167]},"t":10.8,"s":[0],"e":[100]},{"i":{"x":[0.833],"y":[0.833]},"o":{"x":[0.167],"y":[0.167]},"t":12,"s":[100],"e":[100]},{"i":{"x":[0.833],"y":[0.833]},"o":{"x":[0.167],"y":[0.167]},"t":25.2,"s":[100],"e":[24]},{"t":27.6}],"ix":11},"r":{"a":1,"k":[{"i":{"x":[0.833],"y":[0.833]},"o":{"x":[0.167],"y":[0.167]},"t":12,"s":[104],"e":[139]},{"t":27.6}],"ix":10},"p":{"a":1,"k":[{"i":{"x":0.833,"y":0.833},"o":{"x":0.167,"y":0.167},"t":10.8,"s":[825.803,970.803,0],"e":[811.803,954.803,0],"to":[-2.333,-2.667,0],"ti":[48.144,65.286,0]},{"i":{"x":0.833,"y":0.833},"o":{"x":0.167,"y":0.167},"t":12,"s":[811.803,954.803,0],"e":[593.803,526.803,0],"to":[-44,-59.667,0],"ti":[73.667,237,0]},{"t":27.6}],"ix":2},"a":{"a":0,"k":[80.5,107.5,0],"ix":1},"s":{"a":1,"k":[{"i":{"x":[0.833,0.833,0.833],"y":[0.833,0.833,0.833]},"o":{"x":[0.167,0.167,0.167],"y":[0.167,0.167,0.167]},"t":12,"s":[100,100,100],"e":[73,73,100]},{"t":27.6}],"ix":6}},"ao":0,"ip":0,"op":120,"st":0,"bm":0},{"ddd":0,"ind":6,"ty":2,"nm":"线右3","refId":"image_7","sr":1,"ks":{"o":{"a":1,"k":[{"i":{"x":[0.833],"y":[0.833]},"o":{"x":[0.167],"y":[0.167]},"t":24,"s":[0],"e":[100]},{"t":25.2}],"ix":11},"r":{"a":1,"k":[{"i":{"x":[0.833],"y":[0.833]},"o":{"x":[0.167],"y":[0.167]},"t":25.2,"s":[112],"e":[144]},{"t":34.8}],"ix":10},"p":{"a":1,"k":[{"i":{"x":0.833,"y":0.833},"o":{"x":0.167,"y":0.167},"t":25.2,"s":[662,969,0],"e":[570,553,0],"to":[-29.667,-60.667,0],"ti":[-2.333,216.667,0]},{"t":34.8}],"ix":2},"a":{"a":0,"k":[80.5,107.5,0],"ix":1},"s":{"a":1,"k":[{"i":{"x":[0.833,0.833,0.833],"y":[0.833,0.833,0.833]},"o":{"x":[0.167,0.167,0.167],"y":[0.167,0.167,0.167]},"t":25.2,"s":[100.995,87.542,100],"e":[57.155,49.542,100]},{"t":34.8}],"ix":6}},"ao":0,"ip":0,"op":120,"st":0,"bm":0},{"ddd":0,"ind":7,"ty":2,"nm":"线右3","refId":"image_7","sr":1,"ks":{"o":{"a":1,"k":[{"i":{"x":[0.833],"y":[0.833]},"o":{"x":[0.167],"y":[0.167]},"t":15.6,"s":[0],"e":[100]},{"t":16.8}],"ix":11},"r":{"a":1,"k":[{"i":{"x":[0.833],"y":[0.833]},"o":{"x":[0.167],"y":[0.167]},"t":16.8,"s":[112],"e":[140]},{"t":26.4}],"ix":10},"p":{"a":1,"k":[{"i":{"x":0.833,"y":0.833},"o":{"x":0.167,"y":0.167},"t":16.8,"s":[662,969,0],"e":[568,557,0],"to":[-29.667,-60.667,0],"ti":[-2.333,216.667,0]},{"t":26.4}],"ix":2},"a":{"a":0,"k":[80.5,107.5,0],"ix":1},"s":{"a":1,"k":[{"i":{"x":[0.833,0.833,0.833],"y":[0.833,0.833,0.833]},"o":{"x":[0.167,0.167,0.167],"y":[0.167,0.167,0.167]},"t":16.8,"s":[100.995,87.542,100],"e":[57.155,49.542,100]},{"t":26.4}],"ix":6}},"ao":0,"ip":0,"op":120,"st":0,"bm":0},{"ddd":0,"ind":8,"ty":2,"nm":"线右3","refId":"image_7","sr":1,"ks":{"o":{"a":1,"k":[{"i":{"x":[0.833],"y":[0.833]},"o":{"x":[0.167],"y":[0.167]},"t":7.2,"s":[0],"e":[100]},{"t":8.4}],"ix":11},"r":{"a":1,"k":[{"i":{"x":[0.833],"y":[0.833]},"o":{"x":[0.167],"y":[0.167]},"t":8.4,"s":[112],"e":[140]},{"t":18}],"ix":10},"p":{"a":1,"k":[{"i":{"x":0.833,"y":0.833},"o":{"x":0.167,"y":0.167},"t":8.4,"s":[662,969,0],"e":[568,557,0],"to":[-29.667,-60.667,0],"ti":[-2.333,216.667,0]},{"t":18}],"ix":2},"a":{"a":0,"k":[80.5,107.5,0],"ix":1},"s":{"a":1,"k":[{"i":{"x":[0.833,0.833,0.833],"y":[0.833,0.833,0.833]},"o":{"x":[0.167,0.167,0.167],"y":[0.167,0.167,0.167]},"t":8.4,"s":[100.995,87.542,100],"e":[57.155,49.542,100]},{"t":18}],"ix":6}},"ao":0,"ip":0,"op":120,"st":0,"bm":0},{"ddd":0,"ind":9,"ty":2,"nm":"线1.png 3","cl":"png","refId":"image_7","sr":1,"ks":{"o":{"a":1,"k":[{"i":{"x":[0.833],"y":[0.833]},"o":{"x":[0.167],"y":[0.167]},"t":22.8,"s":[0],"e":[100]},{"t":24}],"ix":11},"r":{"a":1,"k":[{"i":{"x":[0.833],"y":[0.833]},"o":{"x":[0.167],"y":[0.167]},"t":24,"s":[-18],"e":[-43]},{"t":31.2}],"ix":10},"p":{"a":1,"k":[{"i":{"x":0.833,"y":0.833},"o":{"x":0.167,"y":0.167},"t":24,"s":[420,1003,0],"e":[504,513,0],"to":[70,-107.667,0],"ti":[36,107.667,0]},{"t":31.2}],"ix":2},"a":{"a":0,"k":[80.5,107.5,0],"ix":1},"s":{"a":1,"k":[{"i":{"x":[0.833,0.833,0.833],"y":[0.833,0.833,0.833]},"o":{"x":[0.167,0.167,0.167],"y":[0.167,0.167,0.167]},"t":24,"s":[100.995,87.542,100],"e":[73.307,63.542,100]},{"t":31.2}],"ix":6}},"ao":0,"ip":0,"op":120,"st":0,"bm":0},{"ddd":0,"ind":10,"ty":2,"nm":"线1.png 2","cl":"png","refId":"image_7","sr":1,"ks":{"o":{"a":1,"k":[{"i":{"x":[0.833],"y":[0.833]},"o":{"x":[0.167],"y":[0.167]},"t":8.4,"s":[0],"e":[100]},{"t":9.6}],"ix":11},"r":{"a":1,"k":[{"i":{"x":[0.833],"y":[0.833]},"o":{"x":[0.167],"y":[0.167]},"t":9.6,"s":[-18],"e":[-43]},{"t":16.8}],"ix":10},"p":{"a":1,"k":[{"i":{"x":0.833,"y":0.833},"o":{"x":0.167,"y":0.167},"t":9.6,"s":[420,1035,0],"e":[504,545,0],"to":[48,-79.667,0],"ti":[26,179.667,0]},{"t":16.8}],"ix":2},"a":{"a":0,"k":[80.5,107.5,0],"ix":1},"s":{"a":1,"k":[{"i":{"x":[0.833,0.833,0.833],"y":[0.833,0.833,0.833]},"o":{"x":[0.167,0.167,0.167],"y":[0.167,0.167,0.167]},"t":9.6,"s":[100.995,87.542,100],"e":[73.307,63.542,100]},{"t":16.8}],"ix":6}},"ao":0,"ip":0,"op":120,"st":0,"bm":0},{"ddd":0,"ind":11,"ty":2,"nm":"线1.png ","cl":"png","refId":"image_7","sr":1,"ks":{"o":{"a":1,"k":[{"i":{"x":[0.833],"y":[0.833]},"o":{"x":[0.167],"y":[0.167]},"t":14.4,"s":[0],"e":[100]},{"t":15.6}],"ix":11},"r":{"a":1,"k":[{"i":{"x":[0.833],"y":[0.833]},"o":{"x":[0.167],"y":[0.167]},"t":15.6,"s":[-18],"e":[-43]},{"t":22.8}],"ix":10},"p":{"a":1,"k":[{"i":{"x":0.833,"y":0.833},"o":{"x":0.167,"y":0.167},"t":15.6,"s":[420,1035,0],"e":[504,545,0],"to":[48,-79.667,0],"ti":[26,179.667,0]},{"t":22.8}],"ix":2},"a":{"a":0,"k":[80.5,107.5,0],"ix":1},"s":{"a":1,"k":[{"i":{"x":[0.833,0.833,0.833],"y":[0.833,0.833,0.833]},"o":{"x":[0.167,0.167,0.167],"y":[0.167,0.167,0.167]},"t":15.6,"s":[100.995,87.542,100],"e":[73.307,63.542,100]},{"t":22.8}],"ix":6}},"ao":0,"ip":0,"op":120,"st":0,"bm":0},{"ddd":0,"ind":12,"ty":2,"nm":"线2.png","cl":"png","refId":"image_8","sr":1,"ks":{"o":{"a":1,"k":[{"i":{"x":[0.833],"y":[0.833]},"o":{"x":[0.167],"y":[0.167]},"t":13.2,"s":[0],"e":[100]},{"i":{"x":[0.833],"y":[0.833]},"o":{"x":[0.167],"y":[0.167]},"t":14.4,"s":[100],"e":[100]},{"i":{"x":[0.833],"y":[0.833]},"o":{"x":[0.167],"y":[0.167]},"t":24,"s":[100],"e":[0]},{"t":27.6}],"ix":11},"r":{"a":1,"k":[{"i":{"x":[0.833],"y":[0.833]},"o":{"x":[0.167],"y":[0.167]},"t":14.4,"s":[33],"e":[-14]},{"t":26.4}],"ix":10},"p":{"a":1,"k":[{"i":{"x":0.833,"y":0.833},"o":{"x":0.167,"y":0.167},"t":14.4,"s":[56.235,824.109,0],"e":[283.786,700.911,0],"to":[53.733,-15.01,0],"ti":[-71.586,71.492,0]},{"i":{"x":0.833,"y":0.833},"o":{"x":0.167,"y":0.167},"t":21.6,"s":[283.786,700.911,0],"e":[362.235,556.109,0],"to":[38.103,-38.053,0],"ti":[-20.958,54.538,0]},{"t":26.4}],"ix":2},"a":{"a":0,"k":[74,108.5,0],"ix":1},"s":{"a":1,"k":[{"i":{"x":[0.833,0.833,0.833],"y":[0.833,0.833,0.833]},"o":{"x":[0.167,0.167,0.167],"y":[0.167,0.167,0.167]},"t":14.4,"s":[85.44,86.243,100],"e":[54.729,55.243,100]},{"t":26.4}],"ix":6}},"ao":0,"ip":0,"op":120,"st":0,"bm":0},{"ddd":0,"ind":13,"ty":2,"nm":"线1.png","cl":"png","refId":"image_7","sr":1,"ks":{"o":{"a":1,"k":[{"i":{"x":[0.833],"y":[0.833]},"o":{"x":[0.167],"y":[0.167]},"t":7.2,"s":[0],"e":[99]},{"i":{"x":[0.833],"y":[0.833]},"o":{"x":[0.167],"y":[0.167]},"t":8.4,"s":[99],"e":[100]},{"i":{"x":[0.833],"y":[0.833]},"o":{"x":[0.167],"y":[0.167]},"t":16.8,"s":[100],"e":[23]},{"t":20.4}],"ix":11},"r":{"a":1,"k":[{"i":{"x":[0.833],"y":[0.833]},"o":{"x":[0.167],"y":[0.167]},"t":8.4,"s":[30],"e":[-26]},{"t":20.4}],"ix":10},"p":{"a":1,"k":[{"i":{"x":0.833,"y":0.833},"o":{"x":0.167,"y":0.167},"t":8.4,"s":[38,874,0],"e":[392,506,0],"to":[127.333,-52.667,0],"ti":[-65.333,236.667,0]},{"t":20.4}],"ix":2},"a":{"a":0,"k":[80.5,107.5,0],"ix":1},"s":{"a":1,"k":[{"i":{"x":[0.833,0.833,0.833],"y":[0.833,0.833,0.833]},"o":{"x":[0.167,0.167,0.167],"y":[0.167,0.167,0.167]},"t":8.4,"s":[100.995,87.542,100],"e":[46.324,33.542,100]},{"t":20.4}],"ix":6}},"ao":0,"ip":0,"op":120,"st":0,"bm":0},{"ddd":0,"ind":14,"ty":2,"nm":"线4.png","cl":"png","refId":"image_8","sr":1,"ks":{"o":{"a":1,"k":[{"i":{"x":[0.833],"y":[0.833]},"o":{"x":[0.167],"y":[0.167]},"t":2.4,"s":[0],"e":[100]},{"t":6}],"ix":11},"r":{"a":1,"k":[{"i":{"x":[0.833],"y":[0.833]},"o":{"x":[0.167],"y":[0.167]},"t":2.4,"s":[6],"e":[0]},{"i":{"x":[0.833],"y":[0.833]},"o":{"x":[0.167],"y":[0.167]},"t":6,"s":[0],"e":[-30]},{"t":13.2}],"ix":10},"p":{"a":1,"k":[{"i":{"x":0.833,"y":0.833},"o":{"x":0.167,"y":0.167},"t":2.4,"s":[200,1065,0],"e":[286,962,0],"to":[0,0,0],"ti":[-50.476,72.298,0]},{"i":{"x":0.833,"y":0.833},"o":{"x":0.167,"y":0.167},"t":6,"s":[286,962,0],"e":[453,460,0],"to":[126.833,-181.667,0],"ti":[22.167,103.667,0]},{"t":13.2}],"ix":2},"a":{"a":0,"k":[74,108.5,0],"ix":1},"s":{"a":1,"k":[{"i":{"x":[0.833,0.833,0.833],"y":[0.833,0.833,0.833]},"o":{"x":[0.167,0.167,0.167],"y":[0.167,0.167,0.167]},"t":6,"s":[100,100,100],"e":[89.913,95.458,100]},{"t":13.2}],"ix":6}},"ao":0,"ip":0,"op":120,"st":0,"bm":0},{"ddd":0,"ind":15,"ty":2,"nm":"线3.png 2","cl":"png","refId":"image_7","sr":1,"ks":{"o":{"a":1,"k":[{"i":{"x":[0.833],"y":[0.833]},"o":{"x":[0.167],"y":[0.167]},"t":18,"s":[0],"e":[100]},{"t":20.4}],"ix":11},"r":{"a":1,"k":[{"i":{"x":[0.833],"y":[0.833]},"o":{"x":[0.167],"y":[0.167]},"t":20.4,"s":[7],"e":[-32]},{"t":30}],"ix":10},"p":{"a":1,"k":[{"i":{"x":0.833,"y":0.833},"o":{"x":0.167,"y":0.167},"t":20.4,"s":[126,1005,0],"e":[393,535,0],"to":[52,-43,0],"ti":[-27,230,0]},{"t":30}],"ix":2},"a":{"a":0,"k":[80.5,107.5,0],"ix":1},"s":{"a":0,"k":[100.995,87.542,100],"ix":6}},"ao":0,"ip":0,"op":120,"st":0,"bm":0},{"ddd":0,"ind":16,"ty":2,"nm":"线2.png","cl":"png","refId":"image_8","sr":1,"ks":{"o":{"a":1,"k":[{"i":{"x":[0.833],"y":[0.833]},"o":{"x":[0.167],"y":[0.167]},"t":13.2,"s":[1],"e":[100]},{"i":{"x":[0.833],"y":[0.833]},"o":{"x":[0.167],"y":[0.167]},"t":14.4,"s":[100],"e":[100]},{"i":{"x":[0.833],"y":[0.833]},"o":{"x":[0.167],"y":[0.167]},"t":22.8,"s":[100],"e":[42]},{"t":25.2}],"ix":11},"r":{"a":1,"k":[{"i":{"x":[0.833],"y":[0.833]},"o":{"x":[0.167],"y":[0.167]},"t":13.2,"s":[13],"e":[-21]},{"i":{"x":[0.833],"y":[0.833]},"o":{"x":[0.167],"y":[0.167]},"t":25.2,"s":[-21],"e":[-33]},{"t":30}],"ix":10},"p":{"a":1,"k":[{"i":{"x":0.833,"y":0.833},"o":{"x":0.167,"y":0.167},"t":13.2,"s":[60.235,1066.109,0],"e":[380.235,550.109,0],"to":[72.667,-46.333,0],"ti":[-4,230.333,0]},{"t":25.2}],"ix":2},"a":{"a":0,"k":[74,108.5,0],"ix":1},"s":{"a":0,"k":[98.319,99.243,100],"ix":6}},"ao":0,"ip":0,"op":120,"st":0,"bm":0},{"ddd":0,"ind":17,"ty":2,"nm":"线1.png","cl":"png","refId":"image_7","sr":1,"ks":{"o":{"a":1,"k":[{"i":{"x":[0.833],"y":[0.833]},"o":{"x":[0.167],"y":[0.167]},"t":6,"s":[0],"e":[100]},{"i":{"x":[0.833],"y":[0.833]},"o":{"x":[0.167],"y":[0.167]},"t":8.4,"s":[100],"e":[99]},{"i":{"x":[0.833],"y":[0.833]},"o":{"x":[0.167],"y":[0.167]},"t":19.2,"s":[99],"e":[44]},{"t":21.6}],"ix":11},"r":{"a":1,"k":[{"i":{"x":[0.833],"y":[0.833]},"o":{"x":[0.167],"y":[0.167]},"t":6,"s":[15],"e":[12]},{"i":{"x":[0.833],"y":[0.833]},"o":{"x":[0.167],"y":[0.167]},"t":8.4,"s":[12],"e":[-32]},{"t":21.6}],"ix":10},"p":{"a":1,"k":[{"i":{"x":0.833,"y":0.833},"o":{"x":0.167,"y":0.167},"t":6,"s":[50,1012,0],"e":[142,948,0],"to":[0,0,0],"ti":[-65.984,48.758,0]},{"i":{"x":0.833,"y":0.833},"o":{"x":0.167,"y":0.167},"t":8.4,"s":[142,948,0],"e":[397,543,0],"to":[75.333,-55.667,0],"ti":[-41.333,227.667,0]},{"t":21.6}],"ix":2},"a":{"a":0,"k":[80.5,107.5,0],"ix":1},"s":{"a":0,"k":[100.995,87.542,100],"ix":6}},"ao":0,"ip":0,"op":120,"st":0,"bm":0},{"ddd":0,"ind":18,"ty":2,"nm":"线3.png","cl":"png","refId":"image_7","sr":1,"ks":{"o":{"a":1,"k":[{"i":{"x":[0.833],"y":[0.833]},"o":{"x":[0.167],"y":[0.167]},"t":13.2,"s":[0],"e":[100]},{"i":{"x":[0.833],"y":[0.833]},"o":{"x":[0.167],"y":[0.167]},"t":14.4,"s":[100],"e":[100]},{"i":{"x":[0.833],"y":[0.833]},"o":{"x":[0.167],"y":[0.167]},"t":21.6,"s":[100],"e":[42]},{"t":22.8}],"ix":11},"r":{"a":1,"k":[{"i":{"x":[0.833],"y":[0.833]},"o":{"x":[0.167],"y":[0.167]},"t":14.4,"s":[-5],"e":[-41]},{"t":22.8}],"ix":10},"p":{"a":1,"k":[{"i":{"x":0.833,"y":0.833},"o":{"x":0.167,"y":0.167},"t":14.4,"s":[262,1073,0],"e":[323.888,970.102,0],"to":[3.987,-6.555,0],"ti":[-29.858,64.089,0]},{"i":{"x":0.833,"y":0.833},"o":{"x":0.167,"y":0.167},"t":15.6,"s":[323.888,970.102,0],"e":[426.53,678.092,0],"to":[45.131,-96.873,0],"ti":[-10.901,59.2,0]},{"i":{"x":0.833,"y":0.833},"o":{"x":0.167,"y":0.167},"t":20.4,"s":[426.53,678.092,0],"e":[444,504,0],"to":[9.854,-53.516,0],"ti":[4.463,42.59,0]},{"t":22.8}],"ix":2},"a":{"a":0,"k":[80.5,107.5,0],"ix":1},"s":{"a":0,"k":[100.995,87.542,100],"ix":6}},"ao":0,"ip":0,"op":120,"st":0,"bm":0},{"ddd":0,"ind":19,"ty":2,"nm":"线2.png","cl":"png","refId":"image_8","sr":1,"ks":{"o":{"a":1,"k":[{"i":{"x":[0.833],"y":[0.833]},"o":{"x":[0.167],"y":[0.167]},"t":2.4,"s":[0],"e":[100]},{"t":6}],"ix":11},"r":{"a":1,"k":[{"i":{"x":[0.833],"y":[0.833]},"o":{"x":[0.167],"y":[0.167]},"t":2.4,"s":[6],"e":[0]},{"i":{"x":[0.833],"y":[0.833]},"o":{"x":[0.167],"y":[0.167]},"t":6,"s":[0],"e":[-30]},{"t":13.2}],"ix":10},"p":{"a":1,"k":[{"i":{"x":0.833,"y":0.833},"o":{"x":0.167,"y":0.167},"t":2.4,"s":[200,1065,0],"e":[286,962,0],"to":[0,0,0],"ti":[-50.476,72.298,0]},{"i":{"x":0.833,"y":0.833},"o":{"x":0.167,"y":0.167},"t":6,"s":[286,962,0],"e":[453,460,0],"to":[126.833,-181.667,0],"ti":[22.167,103.667,0]},{"t":13.2}],"ix":2},"a":{"a":0,"k":[74,108.5,0],"ix":1},"s":{"a":1,"k":[{"i":{"x":[0.833,0.833,0.833],"y":[0.833,0.833,0.833]},"o":{"x":[0.167,0.167,0.167],"y":[0.167,0.167,0.167]},"t":6,"s":[100,100,100],"e":[89.913,95.458,100]},{"t":13.2}],"ix":6}},"ao":0,"ip":0,"op":120,"st":0,"bm":0},{"ddd":0,"ind":20,"ty":2,"nm":"线1.png","cl":"png","refId":"image_7","sr":1,"ks":{"o":{"a":1,"k":[{"i":{"x":[0.833],"y":[0.833]},"o":{"x":[0.167],"y":[0.167]},"t":6,"s":[0],"e":[100]},{"i":{"x":[0.833],"y":[0.833]},"o":{"x":[0.167],"y":[0.167]},"t":7.2,"s":[100],"e":[100]},{"i":{"x":[0.833],"y":[0.833]},"o":{"x":[0.167],"y":[0.167]},"t":14.4,"s":[100],"e":[42]},{"t":15.6}],"ix":11},"r":{"a":1,"k":[{"i":{"x":[0.833],"y":[0.833]},"o":{"x":[0.167],"y":[0.167]},"t":7.2,"s":[-6],"e":[-36]},{"t":15.6}],"ix":10},"p":{"a":1,"k":[{"i":{"x":0.833,"y":0.833},"o":{"x":0.167,"y":0.167},"t":7.2,"s":[274,1078,0],"e":[328.888,990.102,0],"to":[3.987,-6.555,0],"ti":[-29.858,64.089,0]},{"i":{"x":0.833,"y":0.833},"o":{"x":0.167,"y":0.167},"t":8.4,"s":[328.888,990.102,0],"e":[436.53,681.092,0],"to":[45.131,-96.873,0],"ti":[-10.901,59.2,0]},{"i":{"x":0.833,"y":0.833},"o":{"x":0.167,"y":0.167},"t":13.2,"s":[436.53,681.092,0],"e":[444,504,0],"to":[9.854,-53.516,0],"ti":[4.463,42.59,0]},{"t":15.6}],"ix":2},"a":{"a":0,"k":[80.5,107.5,0],"ix":1},"s":{"a":0,"k":[100.995,87.542,100],"ix":6}},"ao":0,"ip":0,"op":120,"st":0,"bm":0}]}],"layers":[{"ddd":0,"ind":1,"ty":0,"nm":"预合成 2","refId":"comp_0","sr":1,"ks":{"o":{"a":0,"k":100,"ix":11},"r":{"a":0,"k":0,"ix":10},"p":{"a":0,"k":[296,490.5,0],"ix":2},"a":{"a":0,"k":[540,960,0],"ix":1},"s":{"a":0,"k":[67,67,100],"ix":6}},"ao":0,"w":1080,"h":1920,"ip":0,"op":90,"st":0,"bm":0}],"markers":[]}