{"v":"4.8.0","meta":{"g":"LottieFiles AE 1.0.0","a":"","k":"","d":"","tc":""},"fr":30,"ip":0,"op":151,"w":1200,"h":1200,"nm":"Delete files","ddd":0,"assets":[],"layers":[{"ddd":0,"ind":1,"ty":3,"nm":"Null 2","sr":1,"ks":{"o":{"a":0,"k":0,"ix":11},"r":{"a":0,"k":0,"ix":10},"p":{"a":0,"k":[600,737,0],"ix":2},"a":{"a":0,"k":[0,0,0],"ix":1},"s":{"a":0,"k":[130,130,100],"ix":6}},"ao":0,"ip":0,"op":450,"st":0,"bm":0},{"ddd":0,"ind":2,"ty":4,"nm":"Layer 7","parent":1,"sr":1,"ks":{"o":{"a":1,"k":[{"i":{"x":[0.34],"y":[1]},"o":{"x":[0.75],"y":[0]},"t":75,"s":[100]},{"t":89,"s":[0]}],"ix":11},"r":{"a":0,"k":0,"ix":10},"p":{"a":1,"k":[{"i":{"x":0.833,"y":0.925},"o":{"x":0.7,"y":0},"t":75,"s":[0,62,0],"to":[0,19.667,0],"ti":[0,-19.667,0]},{"t":93,"s":[0,180,0]}],"ix":2},"a":{"a":0,"k":[600.15,734.711,0],"ix":1},"s":{"a":0,"k":[100,100,100],"ix":6}},"ao":0,"shapes":[{"ty":"gr","it":[{"ind":0,"ty":"sh","ix":1,"ks":{"a":0,"k":{"i":[[0,0],[0,0],[0,0],[0,0]],"o":[[0,0],[0,0],[0,0],[0,0]],"v":[[19.76,52.843],[-19.76,52.843],[-19.76,-52.843],[19.76,-52.843]],"c":true},"ix":2},"nm":"Path 1","mn":"ADBE Vector Shape - Group","hd":false},{"ty":"fl","c":{"a":0,"k":[0.847058832645,0.886274516582,0.917647063732,1],"ix":4},"o":{"a":0,"k":100,"ix":5},"r":1,"bm":0,"nm":"Fill 1","mn":"ADBE Vector Graphic - Fill","hd":false},{"ty":"tr","p":{"a":0,"k":[765.262,682.041],"ix":2},"a":{"a":0,"k":[0.021,-52.67],"ix":1},"s":{"a":1,"k":[{"i":{"x":[0.26,0.26],"y":[1,1]},"o":{"x":[0.167,0.167],"y":[0,0]},"t":31,"s":[100,0]},{"t":83,"s":[100,300]}],"ix":3},"r":{"a":0,"k":0,"ix":6},"o":{"a":0,"k":100,"ix":7},"sk":{"a":0,"k":0,"ix":4},"sa":{"a":0,"k":0,"ix":5},"nm":"Transform"}],"nm":"Group 1","np":2,"cix":2,"bm":0,"ix":1,"mn":"ADBE Vector Group","hd":false},{"ty":"gr","it":[{"ind":0,"ty":"sh","ix":1,"ks":{"a":0,"k":{"i":[[0,0],[0,0],[0,0],[0,0]],"o":[[0,0],[0,0],[0,0],[0,0]],"v":[[19.76,52.843],[-19.76,52.843],[-19.76,-52.843],[19.76,-52.843]],"c":true},"ix":2},"nm":"Path 1","mn":"ADBE Vector Shape - Group","hd":false},{"ty":"fl","c":{"a":0,"k":[0.847058832645,0.886274516582,0.917647063732,1],"ix":4},"o":{"a":0,"k":100,"ix":5},"r":1,"bm":0,"nm":"Fill 1","mn":"ADBE Vector Graphic - Fill","hd":false},{"ty":"tr","p":{"a":0,"k":[699.036,682.523],"ix":2},"a":{"a":0,"k":[-0.168,-52.188],"ix":1},"s":{"a":1,"k":[{"i":{"x":[0.26,0.26],"y":[1,1]},"o":{"x":[0.167,0.167],"y":[0,0]},"t":31,"s":[100,0]},{"t":93,"s":[100,300]}],"ix":3},"r":{"a":0,"k":0,"ix":6},"o":{"a":0,"k":100,"ix":7},"sk":{"a":0,"k":0,"ix":4},"sa":{"a":0,"k":0,"ix":5},"nm":"Transform"}],"nm":"Group 2","np":2,"cix":2,"bm":0,"ix":2,"mn":"ADBE Vector Group","hd":false},{"ty":"gr","it":[{"ind":0,"ty":"sh","ix":1,"ks":{"a":0,"k":{"i":[[0,0],[0,0],[0,0],[0,0]],"o":[[0,0],[0,0],[0,0],[0,0]],"v":[[19.76,52.843],[-19.76,52.843],[-19.76,-52.843],[19.76,-52.843]],"c":true},"ix":2},"nm":"Path 1","mn":"ADBE Vector Shape - Group","hd":false},{"ty":"fl","c":{"a":0,"k":[0.847058832645,0.886274516582,0.917647063732,1],"ix":4},"o":{"a":0,"k":100,"ix":5},"r":1,"bm":0,"nm":"Fill 1","mn":"ADBE Vector Graphic - Fill","hd":false},{"ty":"tr","p":{"a":0,"k":[633.115,682.285],"ix":2},"a":{"a":0,"k":[-0.053,-52.426],"ix":1},"s":{"a":1,"k":[{"i":{"x":[0.26,0.26],"y":[1,1]},"o":{"x":[0.167,0.167],"y":[0,0]},"t":31,"s":[100,0]},{"t":89,"s":[100,300]}],"ix":3},"r":{"a":0,"k":0,"ix":6},"o":{"a":0,"k":100,"ix":7},"sk":{"a":0,"k":0,"ix":4},"sa":{"a":0,"k":0,"ix":5},"nm":"Transform"}],"nm":"Group 3","np":2,"cix":2,"bm":0,"ix":3,"mn":"ADBE Vector Group","hd":false},{"ty":"gr","it":[{"ind":0,"ty":"sh","ix":1,"ks":{"a":0,"k":{"i":[[0,0],[0,0],[0,0],[0,0]],"o":[[0,0],[0,0],[0,0],[0,0]],"v":[[19.76,52.843],[-19.76,52.843],[-19.76,-52.843],[19.76,-52.843]],"c":true},"ix":2},"nm":"Path 1","mn":"ADBE Vector Shape - Group","hd":false},{"ty":"fl","c":{"a":0,"k":[0.847058832645,0.886274516582,0.917647063732,1],"ix":4},"o":{"a":0,"k":100,"ix":5},"r":1,"bm":0,"nm":"Fill 1","mn":"ADBE Vector Graphic - Fill","hd":false},{"ty":"tr","p":{"a":0,"k":[567.298,681.738],"ix":2},"a":{"a":0,"k":[0.166,-52.973],"ix":1},"s":{"a":1,"k":[{"i":{"x":[0.26,0.26],"y":[1,1]},"o":{"x":[0.167,0.167],"y":[0,0]},"t":31,"s":[100,0]},{"t":93,"s":[100,300]}],"ix":3},"r":{"a":0,"k":0,"ix":6},"o":{"a":0,"k":100,"ix":7},"sk":{"a":0,"k":0,"ix":4},"sa":{"a":0,"k":0,"ix":5},"nm":"Transform"}],"nm":"Group 4","np":2,"cix":2,"bm":0,"ix":4,"mn":"ADBE Vector Group","hd":false},{"ty":"gr","it":[{"ind":0,"ty":"sh","ix":1,"ks":{"a":0,"k":{"i":[[0,0],[0,0],[0,0],[0,0]],"o":[[0,0],[0,0],[0,0],[0,0]],"v":[[19.76,52.843],[-19.76,52.843],[-19.76,-52.843],[19.76,-52.843]],"c":true},"ix":2},"nm":"Path 1","mn":"ADBE Vector Shape - Group","hd":false},{"ty":"fl","c":{"a":0,"k":[0.847058832645,0.886274516582,0.917647063732,1],"ix":4},"o":{"a":0,"k":100,"ix":5},"r":1,"bm":0,"nm":"Fill 1","mn":"ADBE Vector Graphic - Fill","hd":false},{"ty":"tr","p":{"a":0,"k":[501.822,682.586],"ix":2},"a":{"a":0,"k":[0.727,-52.125],"ix":1},"s":{"a":1,"k":[{"i":{"x":[0.26,0.26],"y":[1,1]},"o":{"x":[0.167,0.167],"y":[0,0]},"t":31,"s":[100,0]},{"t":75,"s":[100,300]}],"ix":3},"r":{"a":0,"k":0,"ix":6},"o":{"a":0,"k":100,"ix":7},"sk":{"a":0,"k":0,"ix":4},"sa":{"a":0,"k":0,"ix":5},"nm":"Transform"}],"nm":"Group 5","np":2,"cix":2,"bm":0,"ix":5,"mn":"ADBE Vector Group","hd":false},{"ty":"gr","it":[{"ind":0,"ty":"sh","ix":1,"ks":{"a":0,"k":{"i":[[0,0],[0,0],[0,0],[0,0]],"o":[[0,0],[0,0],[0,0],[0,0]],"v":[[19.76,52.843],[-19.76,52.843],[-19.76,-52.843],[19.76,-52.843]],"c":true},"ix":2},"nm":"Path 1","mn":"ADBE Vector Shape - Group","hd":false},{"ty":"fl","c":{"a":0,"k":[0.847058832645,0.886274516582,0.917647063732,1],"ix":4},"o":{"a":0,"k":100,"ix":5},"r":1,"bm":0,"nm":"Fill 1","mn":"ADBE Vector Graphic - Fill","hd":false},{"ty":"tr","p":{"a":0,"k":[434.812,682.652],"ix":2},"a":{"a":0,"k":[-0.248,-52.059],"ix":1},"s":{"a":1,"k":[{"i":{"x":[0.26,0.26],"y":[1,1]},"o":{"x":[0.167,0.167],"y":[0,0]},"t":31,"s":[100,0]},{"t":93,"s":[100,300]}],"ix":3},"r":{"a":0,"k":0,"ix":6},"o":{"a":0,"k":100,"ix":7},"sk":{"a":0,"k":0,"ix":4},"sa":{"a":0,"k":0,"ix":5},"nm":"Transform"}],"nm":"Group 6","np":2,"cix":2,"bm":0,"ix":6,"mn":"ADBE Vector Group","hd":false}],"ip":0,"op":167,"st":0,"bm":0},{"ddd":0,"ind":3,"ty":4,"nm":"Layer 5","parent":1,"sr":1,"ks":{"o":{"a":0,"k":100,"ix":11},"r":{"a":0,"k":0,"ix":10},"p":{"a":0,"k":[0,0,0],"ix":2},"a":{"a":0,"k":[250.149,331.868,0],"ix":1},"s":{"a":1,"k":[{"i":{"x":[0.33,0.33,0.33],"y":[1,1,1]},"o":{"x":[0.167,0.167,0.167],"y":[0,0,0]},"t":0,"s":[0,0,100]},{"i":{"x":[0.33,0.33,0.33],"y":[1,1,1]},"o":{"x":[0.167,0.167,0.167],"y":[0,0,0]},"t":14,"s":[100,100,100]},{"i":{"x":[0.33,0.33,0.33],"y":[1,1,1]},"o":{"x":[0.167,0.167,0.167],"y":[0,0,0]},"t":81,"s":[100,100,100]},{"t":94,"s":[0,0,100]}],"ix":6}},"ao":0,"shapes":[{"ty":"gr","it":[{"ind":0,"ty":"sh","ix":1,"ks":{"a":0,"k":{"i":[[0,-4.371],[4.371,0],[0,4.371],[-4.371,0]],"o":[[0,4.371],[-4.371,0],[0,-4.371],[4.371,0]],"v":[[7.915,0],[0,7.915],[-7.915,0],[0,-7.915]],"c":true},"ix":2},"nm":"Path 1","mn":"ADBE Vector Shape - Group","hd":false},{"ty":"fl","c":{"a":1,"k":[{"i":{"x":[0.39],"y":[1]},"o":{"x":[0.61],"y":[0]},"t":23,"s":[0.584313750267,0.803921580315,0.537254929543,1]},{"i":{"x":[0.39],"y":[1]},"o":{"x":[0.61],"y":[0]},"t":34.65,"s":[0.958700954914,0.176481440663,0.298343986273,1]},{"i":{"x":[0.39],"y":[1]},"o":{"x":[0.61],"y":[0]},"t":46.301,"s":[0.584313750267,0.803921580315,0.537254929543,1]},{"i":{"x":[0.39],"y":[1]},"o":{"x":[0.61],"y":[0]},"t":57,"s":[0.958700954914,0.176481440663,0.298343986273,1]},{"i":{"x":[0.39],"y":[1]},"o":{"x":[0.61],"y":[0]},"t":67,"s":[0.584313750267,0.803921580315,0.537254929543,1]},{"i":{"x":[0.39],"y":[1]},"o":{"x":[0.61],"y":[0]},"t":77,"s":[0.958700954914,0.176481440663,0.298343986273,1]},{"t":85,"s":[0.584313750267,0.803921580315,0.537254929543,1]}],"ix":4},"o":{"a":0,"k":100,"ix":5},"r":1,"bm":0,"nm":"Fill 1","mn":"ADBE Vector Graphic - Fill","hd":false},{"ty":"tr","p":{"a":0,"k":[598.777,276.191],"ix":2},"a":{"a":0,"k":[0,0],"ix":1},"s":{"a":0,"k":[160,160],"ix":3},"r":{"a":0,"k":0,"ix":6},"o":{"a":0,"k":100,"ix":7},"sk":{"a":0,"k":0,"ix":4},"sa":{"a":0,"k":0,"ix":5},"nm":"Transform"}],"nm":"Group 1","np":2,"cix":2,"bm":0,"ix":1,"mn":"ADBE Vector Group","hd":false},{"ty":"gr","it":[{"ind":0,"ty":"sh","ix":1,"ks":{"a":0,"k":{"i":[[0,-4.371],[4.371,0],[0,4.371],[-4.371,0]],"o":[[0,4.371],[-4.371,0],[0,-4.371],[4.371,0]],"v":[[7.915,0],[0,7.915],[-7.915,0],[0,-7.915]],"c":true},"ix":2},"nm":"Path 1","mn":"ADBE Vector Shape - Group","hd":false},{"ty":"fl","c":{"a":0,"k":[0.690196096897,0.749019622803,0.811764717102,1],"ix":4},"o":{"a":0,"k":100,"ix":5},"r":1,"bm":0,"nm":"Fill 1","mn":"ADBE Vector Graphic - Fill","hd":false},{"ty":"tr","p":{"a":0,"k":[562.679,276.191],"ix":2},"a":{"a":0,"k":[0,0],"ix":1},"s":{"a":0,"k":[160,160],"ix":3},"r":{"a":0,"k":0,"ix":6},"o":{"a":0,"k":100,"ix":7},"sk":{"a":0,"k":0,"ix":4},"sa":{"a":0,"k":0,"ix":5},"nm":"Transform"}],"nm":"Group 3","np":2,"cix":2,"bm":0,"ix":2,"mn":"ADBE Vector Group","hd":false},{"ty":"gr","it":[{"ind":0,"ty":"sh","ix":1,"ks":{"a":0,"k":{"i":[[0,-4.371],[4.371,0],[0,4.371],[-4.371,0]],"o":[[0,4.371],[-4.371,0],[0,-4.371],[4.371,0]],"v":[[7.915,0],[0,7.915],[-7.915,0],[0,-7.915]],"c":true},"ix":2},"nm":"Path 1","mn":"ADBE Vector Shape - Group","hd":false},{"ty":"fl","c":{"a":0,"k":[0.690196096897,0.749019622803,0.811764717102,1],"ix":4},"o":{"a":0,"k":100,"ix":5},"r":1,"bm":0,"nm":"Fill 1","mn":"ADBE Vector Graphic - Fill","hd":false},{"ty":"tr","p":{"a":0,"k":[528.119,276.191],"ix":2},"a":{"a":0,"k":[0,0],"ix":1},"s":{"a":0,"k":[160,160],"ix":3},"r":{"a":0,"k":0,"ix":6},"o":{"a":0,"k":100,"ix":7},"sk":{"a":0,"k":0,"ix":4},"sa":{"a":0,"k":0,"ix":5},"nm":"Transform"}],"nm":"Group 4","np":2,"cix":2,"bm":0,"ix":3,"mn":"ADBE Vector Group","hd":false},{"ty":"gr","it":[{"ind":0,"ty":"sh","ix":1,"ks":{"a":0,"k":{"i":[[12.691,0],[0,0],[0,12.691],[0,0],[-12.691,0],[0,0],[0,-12.691],[0,0]],"o":[[0,0],[-12.691,0],[0,0],[0,-12.691],[0,0],[12.691,0],[0,0],[0,12.691]],"v":[[182.298,22.979],[-182.298,22.979],[-205.277,0],[-205.277,0],[-182.298,-22.979],[182.298,-22.979],[205.277,0],[205.277,0]],"c":true},"ix":2},"nm":"Path 1","mn":"ADBE Vector Shape - Group","hd":false},{"ty":"fl","c":{"a":0,"k":[0.309803932905,0.368627458811,0.411764711142,1],"ix":4},"o":{"a":0,"k":100,"ix":5},"r":1,"bm":0,"nm":"Fill 1","mn":"ADBE Vector Graphic - Fill","hd":false},{"ty":"tr","p":{"a":0,"k":[250.149,342.064],"ix":2},"a":{"a":0,"k":[0,0],"ix":1},"s":{"a":1,"k":[{"i":{"x":[0.36,0.36],"y":[1,1]},"o":{"x":[0.167,0.167],"y":[0.152,0.152]},"t":11,"s":[0,0]},{"i":{"x":[0.36,0.36],"y":[1,1]},"o":{"x":[0.167,0.167],"y":[0,0]},"t":23,"s":[110,110]},{"i":{"x":[0.36,0.36],"y":[1,1]},"o":{"x":[0.167,0.167],"y":[0,0]},"t":90,"s":[110,110]},{"t":105,"s":[0,0]}],"ix":3},"r":{"a":0,"k":0,"ix":6},"o":{"a":0,"k":100,"ix":7},"sk":{"a":0,"k":0,"ix":4},"sa":{"a":0,"k":0,"ix":5},"nm":"Transform"}],"nm":"Group 2","np":2,"cix":2,"bm":0,"ix":4,"mn":"ADBE Vector Group","hd":false},{"ty":"gr","it":[{"ind":0,"ty":"sh","ix":1,"ks":{"a":0,"k":{"i":[[9.72,0],[0,0],[0,9.72],[0,0],[-9.72,0],[0,0],[0,-9.72],[0,0]],"o":[[0,0],[-9.72,0],[0,0],[0,-9.72],[0,0],[9.72,0],[0,0],[0,9.72]],"v":[[337.804,82.196],[-337.804,82.196],[-355.404,64.596],[-355.404,-64.596],[-337.804,-82.196],[337.804,-82.196],[355.404,-64.596],[355.404,64.596]],"c":true},"ix":2},"nm":"Path 1","mn":"ADBE Vector Shape - Group","hd":false},{"ty":"fl","c":{"a":0,"k":[0.427450984716,0.486274510622,0.537254929543,1],"ix":4},"o":{"a":0,"k":100,"ix":5},"r":1,"bm":0,"nm":"Fill 1","mn":"ADBE Vector Graphic - Fill","hd":false},{"ty":"tr","p":{"a":0,"k":[250.149,331.868],"ix":2},"a":{"a":0,"k":[0,0],"ix":1},"s":{"a":0,"k":[110,110],"ix":3},"r":{"a":0,"k":0,"ix":6},"o":{"a":0,"k":100,"ix":7},"sk":{"a":0,"k":0,"ix":4},"sa":{"a":0,"k":0,"ix":5},"nm":"Transform"}],"nm":"Group 5","np":2,"cix":2,"bm":0,"ix":5,"mn":"ADBE Vector Group","hd":false}],"ip":0,"op":166,"st":0,"bm":0},{"ddd":0,"ind":4,"ty":4,"nm":"Layer 6","parent":1,"sr":1,"ks":{"o":{"a":1,"k":[{"i":{"x":[0.34],"y":[1]},"o":{"x":[0.167],"y":[0.185]},"t":0,"s":[0]},{"t":20,"s":[100]}],"ix":11},"r":{"a":0,"k":0,"ix":10},"p":{"a":1,"k":[{"i":{"x":0.34,"y":1},"o":{"x":0.167,"y":0.175},"t":0,"s":[0,-846.731,0],"to":[0,84.751,0],"ti":[0,-166.418,0]},{"i":{"x":0.34,"y":1},"o":{"x":0.167,"y":0},"t":20,"s":[0,-338.223,0],"to":[0,166.418,0],"ti":[0,-81.667,0]},{"t":83,"s":[0,151.777,0]}],"ix":2},"a":{"a":0,"k":[-345.341,368.155,0],"ix":1},"s":{"a":0,"k":[100,100,100],"ix":6}},"ao":0,"shapes":[{"ty":"gr","it":[{"ind":0,"ty":"sh","ix":1,"ks":{"a":0,"k":{"i":[[2.914,0],[0,0],[0,2.914],[0,0],[-2.914,0],[0,0],[0,-2.914],[0,0]],"o":[[0,0],[-2.914,0],[0,0],[0,-2.914],[0,0],[2.914,0],[0,0],[0,2.914]],"v":[[149.447,14.298],[-149.447,14.298],[-154.723,9.021],[-154.723,-9.021],[-149.447,-14.298],[149.447,-14.298],[154.723,-9.021],[154.723,9.021]],"c":true},"ix":2},"nm":"Path 1","mn":"ADBE Vector Shape - Group","hd":false},{"ty":"fl","c":{"a":0,"k":[0.690196096897,0.749019622803,0.811764717102,1],"ix":4},"o":{"a":0,"k":100,"ix":5},"r":1,"bm":0,"nm":"Fill 1","mn":"ADBE Vector Graphic - Fill","hd":false},{"ty":"tr","p":{"a":0,"k":[-348.406,373.755],"ix":2},"a":{"a":0,"k":[0,0],"ix":1},"s":{"a":0,"k":[100,100],"ix":3},"r":{"a":0,"k":0,"ix":6},"o":{"a":1,"k":[{"i":{"x":[0.833],"y":[0.833]},"o":{"x":[0.167],"y":[0.167]},"t":51,"s":[100]},{"t":59,"s":[0]}],"ix":7},"sk":{"a":0,"k":0,"ix":4},"sa":{"a":0,"k":0,"ix":5},"nm":"Transform"}],"nm":"Group 1","np":2,"cix":2,"bm":0,"ix":1,"mn":"ADBE Vector Group","hd":false},{"ty":"gr","it":[{"ind":0,"ty":"sh","ix":1,"ks":{"a":0,"k":{"i":[[2.914,0],[0,0],[0,2.914],[0,0],[-2.914,0],[0,0],[0,-2.914],[0,0]],"o":[[0,0],[-2.914,0],[0,0],[0,-2.914],[0,0],[2.914,0],[0,0],[0,2.914]],"v":[[43.745,14.298],[-43.745,14.298],[-49.021,9.021],[-49.021,-9.021],[-43.745,-14.298],[43.745,-14.298],[49.021,-9.021],[49.021,9.021]],"c":true},"ix":2},"nm":"Path 1","mn":"ADBE Vector Shape - Group","hd":false},{"ty":"fl","c":{"a":0,"k":[0.690196096897,0.749019622803,0.811764717102,1],"ix":4},"o":{"a":0,"k":100,"ix":5},"r":1,"bm":0,"nm":"Fill 1","mn":"ADBE Vector Graphic - Fill","hd":false},{"ty":"tr","p":{"a":0,"k":[-454.108,322.853],"ix":2},"a":{"a":0,"k":[0,0],"ix":1},"s":{"a":0,"k":[100,100],"ix":3},"r":{"a":0,"k":0,"ix":6},"o":{"a":1,"k":[{"i":{"x":[0.833],"y":[0.833]},"o":{"x":[0.167],"y":[0.167]},"t":50,"s":[100]},{"t":59,"s":[0]}],"ix":7},"sk":{"a":0,"k":0,"ix":4},"sa":{"a":0,"k":0,"ix":5},"nm":"Transform"}],"nm":"Group 2","np":2,"cix":2,"bm":0,"ix":2,"mn":"ADBE Vector Group","hd":false},{"ty":"gr","it":[{"ind":0,"ty":"sh","ix":1,"ks":{"a":0,"k":{"i":[[2.914,0],[0,0],[0,2.914],[0,0],[-2.914,0],[0,0],[0,-2.914],[0,0]],"o":[[0,0],[-2.914,0],[0,0],[0,-2.914],[0,0],[2.914,0],[0,0],[0,2.914]],"v":[[67.745,14.298],[-67.745,14.298],[-73.021,9.021],[-73.021,-9.021],[-67.745,-14.298],[67.745,-14.298],[73.021,-9.021],[73.021,9.021]],"c":true},"ix":2},"nm":"Path 1","mn":"ADBE Vector Shape - Group","hd":false},{"ty":"fl","c":{"a":0,"k":[0.690196096897,0.749019622803,0.811764717102,1],"ix":4},"o":{"a":0,"k":100,"ix":5},"r":1,"bm":0,"nm":"Fill 1","mn":"ADBE Vector Graphic - Fill","hd":false},{"ty":"tr","p":{"a":0,"k":[-430.108,274.674],"ix":2},"a":{"a":0,"k":[0,0],"ix":1},"s":{"a":0,"k":[100,100],"ix":3},"r":{"a":0,"k":0,"ix":6},"o":{"a":1,"k":[{"i":{"x":[0.833],"y":[0.833]},"o":{"x":[0.167],"y":[0.167]},"t":50,"s":[100]},{"t":59,"s":[0]}],"ix":7},"sk":{"a":0,"k":0,"ix":4},"sa":{"a":0,"k":0,"ix":5},"nm":"Transform"}],"nm":"Group 3","np":2,"cix":2,"bm":0,"ix":3,"mn":"ADBE Vector Group","hd":false},{"ty":"gr","it":[{"ind":0,"ty":"sh","ix":1,"ks":{"a":0,"k":{"i":[[0,0],[0,0],[0,4.841],[0,0]],"o":[[0,0],[-4.841,0],[0,0],[0,0]],"v":[[51.32,47.49],[-42.554,47.49],[-51.32,38.724],[-51.32,-47.49]],"c":true},"ix":2},"nm":"Path 1","mn":"ADBE Vector Shape - Group","hd":false},{"ty":"fl","c":{"a":0,"k":[0.690196096897,0.749019622803,0.811764717102,1],"ix":4},"o":{"a":0,"k":100,"ix":5},"r":1,"bm":0,"nm":"Fill 1","mn":"ADBE Vector Graphic - Fill","hd":false},{"ty":"tr","p":{"a":0,"k":[-211.811,199.088],"ix":2},"a":{"a":0,"k":[0,0],"ix":1},"s":{"a":0,"k":[100,100],"ix":3},"r":{"a":0,"k":0,"ix":6},"o":{"a":0,"k":100,"ix":7},"sk":{"a":0,"k":0,"ix":4},"sa":{"a":0,"k":0,"ix":5},"nm":"Transform"}],"nm":"Group 4","np":2,"cix":2,"bm":0,"ix":4,"mn":"ADBE Vector Group","hd":false},{"ty":"gr","it":[{"ind":0,"ty":"sh","ix":1,"ks":{"a":1,"k":[{"i":{"x":0.833,"y":0.833},"o":{"x":0.167,"y":0.167},"t":35,"s":[{"i":[[0,0],[0,0],[0,0],[0,0],[-19.88,0],[0,0]],"o":[[0,0],[0,0],[0,0],[0,-19.88],[0,0],[0,0]],"v":[[184.85,-121.576],[184.85,216.556],[-184.85,216.556],[-184.85,-180.556],[-148.85,-216.556],[82.21,-216.556]],"c":true}]},{"i":{"x":0.833,"y":0.833},"o":{"x":0.167,"y":0.167},"t":41,"s":[{"i":[[0,0],[0,0],[0,0],[0,0],[-19.88,0],[0,0]],"o":[[0,0],[0,0],[0,0],[0,-19.88],[0,0],[0,0]],"v":[[184.85,-121.576],[183.894,152.622],[-185.806,152.622],[-184.85,-180.556],[-148.85,-216.556],[82.21,-216.556]],"c":true}]},{"i":{"x":0.833,"y":0.833},"o":{"x":0.167,"y":0.167},"t":47,"s":[{"i":[[0,0],[0,0],[0,0],[0,0],[-19.88,0],[0,0]],"o":[[0,0],[0,0],[0,0],[0,-19.88],[0,0],[0,0]],"v":[[184.85,-121.576],[183.593,69.015],[-186.107,69.015],[-184.85,-180.556],[-148.85,-216.556],[82.21,-216.556]],"c":true}]},{"t":59,"s":[{"i":[[0,0],[0,0],[0,0],[0,0],[-19.88,0],[0,0]],"o":[[0,0],[0,0],[0,0],[0,-19.88],[0,0],[0,0]],"v":[[184.85,-121.576],[181.79,-85.903],[-187.91,-85.903],[-184.85,-180.556],[-148.85,-216.556],[82.21,-216.556]],"c":true}]}],"ix":2},"nm":"Path 1","mn":"ADBE Vector Shape - Group","hd":false},{"ty":"fl","c":{"a":0,"k":[0.847058832645,0.886274516582,0.917647063732,1],"ix":4},"o":{"a":0,"k":100,"ix":5},"r":1,"bm":0,"nm":"Fill 1","mn":"ADBE Vector Graphic - Fill","hd":false},{"ty":"tr","p":{"a":0,"k":[-345.341,368.155],"ix":2},"a":{"a":0,"k":[0,0],"ix":1},"s":{"a":0,"k":[100,100],"ix":3},"r":{"a":0,"k":0,"ix":6},"o":{"a":0,"k":100,"ix":7},"sk":{"a":0,"k":0,"ix":4},"sa":{"a":0,"k":0,"ix":5},"nm":"Transform"}],"nm":"Group 5","np":2,"cix":2,"bm":0,"ix":5,"mn":"ADBE Vector Group","hd":false}],"ip":0,"op":81,"st":0,"bm":0},{"ddd":0,"ind":5,"ty":3,"nm":"Null 1","sr":1,"ks":{"o":{"a":0,"k":0,"ix":11},"r":{"a":0,"k":0,"ix":10},"p":{"a":0,"k":[600,600,0],"ix":2},"a":{"a":0,"k":[0,0,0],"ix":1},"s":{"a":0,"k":[307,307,100],"ix":6}},"ao":0,"ip":85,"op":535,"st":85,"bm":0},{"ddd":0,"ind":6,"ty":4,"nm":"Layer 2","parent":5,"sr":1,"ks":{"o":{"a":0,"k":100,"ix":11},"r":{"a":0,"k":0,"ix":10},"p":{"a":1,"k":[{"i":{"x":0.42,"y":1},"o":{"x":0.58,"y":0},"t":95,"s":[-11,51,0],"to":[0,-6,0],"ti":[0,3,0]},{"i":{"x":0.7,"y":0.703},"o":{"x":0.637,"y":0},"t":109,"s":[-11,15,0],"to":[0,-2.325,0],"ti":[0,-6.144,0]},{"i":{"x":0.523,"y":1},"o":{"x":0.225,"y":0.944},"t":120,"s":[-11,37.109,0],"to":[0,1.783,0],"ti":[0,-0.675,0]},{"t":130,"s":[-11,33,0]}],"ix":2},"a":{"a":0,"k":[-3.667,11,0],"ix":1},"s":{"a":1,"k":[{"i":{"x":[0.33,0.33,0.33],"y":[1,1,1]},"o":{"x":[1,1,1],"y":[0,0,0]},"t":95,"s":[0,0,100]},{"t":114,"s":[300,300,100]}],"ix":6}},"ao":0,"shapes":[{"ty":"gr","it":[{"ind":0,"ty":"sh","ix":1,"ks":{"a":0,"k":{"i":[[0,0],[0,0],[-0.356,-0.356],[0,0],[0,0],[-0.356,-0.356],[0,0],[0.356,-0.356],[0,0],[0,0],[0.378,0.378],[0,0],[0,0],[-0.356,0.356]],"o":[[0,0],[0.356,-0.356],[0,0],[0,0],[0.356,-0.356],[0,0],[0.356,0.356],[0,0],[0,0],[-0.427,0.427],[0,0],[0,0],[-0.356,-0.356],[0,0]],"v":[[-13.874,0.614],[-9.947,-3.312],[-8.652,-3.312],[-3.905,1.434],[8.652,-11.123],[9.947,-11.123],[13.874,-7.197],[13.874,-5.902],[0.67,7.304],[-3.11,11.083],[-4.69,11.094],[-8.48,7.304],[-13.874,1.91],[-13.874,0.615]],"c":true},"ix":2},"nm":"Path 1","mn":"ADBE Vector Shape - Group","hd":false},{"ty":"fl","c":{"a":0,"k":[1,1,1,1],"ix":4},"o":{"a":0,"k":100,"ix":5},"r":1,"bm":0,"nm":"Fill 1","mn":"ADBE Vector Graphic - Fill","hd":false},{"ty":"tr","p":{"a":0,"k":[0,0],"ix":2},"a":{"a":0,"k":[0,0],"ix":1},"s":{"a":0,"k":[100,100],"ix":3},"r":{"a":0,"k":0,"ix":6},"o":{"a":0,"k":100,"ix":7},"sk":{"a":0,"k":0,"ix":4},"sa":{"a":0,"k":0,"ix":5},"nm":"Transform"}],"nm":"Group 1","np":2,"cix":2,"bm":0,"ix":1,"mn":"ADBE Vector Group","hd":false}],"ip":95,"op":545,"st":95,"bm":0},{"ddd":0,"ind":7,"ty":4,"nm":"Layer 1","parent":5,"sr":1,"ks":{"o":{"a":0,"k":100,"ix":11},"r":{"a":0,"k":0,"ix":10},"p":{"a":0,"k":[0,0,0],"ix":2,"x":"var $bm_rt;\nvar enable, amp, freq, decay, n, t, v;\ntry {\n    $bm_rt = enable = effect('Excite - Position')('Pseudo/BNCA2506f0b33-0001');\n    if (enable == 0) {\n        $bm_rt = value;\n    } else {\n        amp = $bm_div(effect('Excite - Position')('Pseudo/BNCA2506f0b33-0003'), 2.5);\n        freq = $bm_div(effect('Excite - Position')('Pseudo/BNCA2506f0b33-0004'), 20);\n        decay = $bm_div(effect('Excite - Position')('Pseudo/BNCA2506f0b33-0005'), 20);\n        n = 0, 0 < numKeys && (n = nearestKey(time).index, key(n).time > time && n--), t = 0 === n ? 0 : $bm_sub(time, key(n).time), $bm_rt = 0 < n ? (v = velocityAtTime($bm_sub(key(n).time, $bm_div(thisComp.frameDuration, 10))), $bm_sum(value, $bm_div($bm_mul($bm_mul($bm_div(v, 100), amp), Math.sin($bm_mul($bm_mul($bm_mul(freq, t), 2), Math.PI))), Math.exp($bm_mul(decay, t))))) : value;\n    }\n} catch (err) {\n    $bm_rt = value = value;\n}"},"a":{"a":0,"k":[250,250,0],"ix":1,"x":"var $bm_rt;\nvar enable, amp, freq, decay, n, t, v;\ntry {\n    $bm_rt = enable = effect('Excite - Anchor Point')('Pseudo/BNCA2506f0b33-0001');\n    if (enable == 0) {\n        $bm_rt = value;\n    } else {\n        amp = $bm_div(effect('Excite - Anchor Point')('Pseudo/BNCA2506f0b33-0003'), 2.5);\n        freq = $bm_div(effect('Excite - Anchor Point')('Pseudo/BNCA2506f0b33-0004'), 20);\n        decay = $bm_div(effect('Excite - Anchor Point')('Pseudo/BNCA2506f0b33-0005'), 20);\n        n = 0, 0 < numKeys && (n = nearestKey(time).index, key(n).time > time && n--), t = 0 === n ? 0 : $bm_sub(time, key(n).time), $bm_rt = 0 < n ? (v = velocityAtTime($bm_sub(key(n).time, $bm_div(thisComp.frameDuration, 10))), $bm_sum(value, $bm_div($bm_mul($bm_mul($bm_div(v, 100), amp), Math.sin($bm_mul($bm_mul($bm_mul(freq, t), 2), Math.PI))), Math.exp($bm_mul(decay, t))))) : value;\n    }\n} catch (err) {\n    $bm_rt = value = value;\n}"},"s":{"a":1,"k":[{"i":{"x":[0.41,0.41,0.41],"y":[1,1,1]},"o":{"x":[0.59,0.59,0.59],"y":[0,0,0]},"t":91,"s":[0,0,100]},{"i":{"x":[0.833,0.833,0.833],"y":[1,1,1]},"o":{"x":[0.167,0.167,0.167],"y":[0,0,0]},"t":109,"s":[320,320,100]},{"t":117,"s":[300,300,100]}],"ix":6,"x":"var $bm_rt;\nvar enable, amp, freq, decay, n, t, v;\ntry {\n    $bm_rt = enable = effect('Excite - Scale')('Pseudo/BNCA2506f0b33-0001');\n    if (enable == 0) {\n        $bm_rt = value;\n    } else {\n        amp = $bm_div(effect('Excite - Scale')('Pseudo/BNCA2506f0b33-0003'), 2.5);\n        freq = $bm_div(effect('Excite - Scale')('Pseudo/BNCA2506f0b33-0004'), 20);\n        decay = $bm_div(effect('Excite - Scale')('Pseudo/BNCA2506f0b33-0005'), 20);\n        n = 0, 0 < numKeys && (n = nearestKey(time).index, key(n).time > time && n--), t = 0 === n ? 0 : $bm_sub(time, key(n).time), $bm_rt = 0 < n ? (v = velocityAtTime($bm_sub(key(n).time, $bm_div(thisComp.frameDuration, 10))), $bm_sum(value, $bm_div($bm_mul($bm_mul($bm_div(v, 100), amp), Math.sin($bm_mul($bm_mul($bm_mul(freq, t), 2), Math.PI))), Math.exp($bm_mul(decay, t))))) : value;\n    }\n} catch (err) {\n    $bm_rt = value = value;\n}"}},"ao":0,"ef":[{"ty":5,"nm":"Excite - Scale","np":8,"mn":"Pseudo/BNCA2506f0b33","ix":1,"en":1,"ef":[{"ty":7,"nm":"Enable","mn":"Pseudo/BNCA2506f0b33-0001","ix":1,"v":{"a":0,"k":1,"ix":1}},{"ty":6,"nm":"Properties","mn":"Pseudo/BNCA2506f0b33-0002","ix":2,"v":0},{"ty":0,"nm":"Overshoot","mn":"Pseudo/BNCA2506f0b33-0003","ix":3,"v":{"a":0,"k":20,"ix":3,"x":"var $bm_rt;\n$bm_rt = clamp(value, 0, 100);"}},{"ty":0,"nm":"Bounce","mn":"Pseudo/BNCA2506f0b33-0004","ix":4,"v":{"a":0,"k":40,"ix":4,"x":"var $bm_rt;\n$bm_rt = clamp(value, 0, 100);"}},{"ty":0,"nm":"Friction","mn":"Pseudo/BNCA2506f0b33-0005","ix":5,"v":{"a":0,"k":40,"ix":5,"x":"var $bm_rt;\n$bm_rt = clamp(value, 0, 100);"}},{"ty":6,"nm":"","mn":"Pseudo/BNCA2506f0b33-0006","ix":6,"v":0}]},{"ty":5,"nm":"Excite - Position","np":8,"mn":"Pseudo/BNCA2506f0b33","ix":2,"en":1,"ef":[{"ty":7,"nm":"Enable","mn":"Pseudo/BNCA2506f0b33-0001","ix":1,"v":{"a":0,"k":1,"ix":1}},{"ty":6,"nm":"Properties","mn":"Pseudo/BNCA2506f0b33-0002","ix":2,"v":0},{"ty":0,"nm":"Overshoot","mn":"Pseudo/BNCA2506f0b33-0003","ix":3,"v":{"a":0,"k":20,"ix":3,"x":"var $bm_rt;\n$bm_rt = clamp(value, 0, 100);"}},{"ty":0,"nm":"Bounce","mn":"Pseudo/BNCA2506f0b33-0004","ix":4,"v":{"a":0,"k":40,"ix":4,"x":"var $bm_rt;\n$bm_rt = clamp(value, 0, 100);"}},{"ty":0,"nm":"Friction","mn":"Pseudo/BNCA2506f0b33-0005","ix":5,"v":{"a":0,"k":40,"ix":5,"x":"var $bm_rt;\n$bm_rt = clamp(value, 0, 100);"}},{"ty":6,"nm":"","mn":"Pseudo/BNCA2506f0b33-0006","ix":6,"v":0}]},{"ty":5,"nm":"Excite - Anchor Point","np":8,"mn":"Pseudo/BNCA2506f0b33","ix":3,"en":1,"ef":[{"ty":7,"nm":"Enable","mn":"Pseudo/BNCA2506f0b33-0001","ix":1,"v":{"a":0,"k":1,"ix":1}},{"ty":6,"nm":"Properties","mn":"Pseudo/BNCA2506f0b33-0002","ix":2,"v":0},{"ty":0,"nm":"Overshoot","mn":"Pseudo/BNCA2506f0b33-0003","ix":3,"v":{"a":0,"k":20,"ix":3,"x":"var $bm_rt;\n$bm_rt = clamp(value, 0, 100);"}},{"ty":0,"nm":"Bounce","mn":"Pseudo/BNCA2506f0b33-0004","ix":4,"v":{"a":0,"k":40,"ix":4,"x":"var $bm_rt;\n$bm_rt = clamp(value, 0, 100);"}},{"ty":0,"nm":"Friction","mn":"Pseudo/BNCA2506f0b33-0005","ix":5,"v":{"a":0,"k":40,"ix":5,"x":"var $bm_rt;\n$bm_rt = clamp(value, 0, 100);"}},{"ty":6,"nm":"","mn":"Pseudo/BNCA2506f0b33-0006","ix":6,"v":0}]}],"shapes":[{"ty":"gr","it":[{"ind":0,"ty":"sh","ix":1,"ks":{"a":0,"k":{"i":[[4.287,4.287],[6.542,0],[4.287,-4.287],[0,-6.543],[-4.287,-4.287],[-6.543,0],[-4.287,4.287],[0,6.543]],"o":[[-4.287,-4.287],[-6.542,0],[-4.287,4.287],[0,6.542],[4.287,4.287],[6.543,0],[4.287,-4.287],[0,-6.542]],"v":[[16.753,-16.753],[0,-23.692],[-16.753,-16.753],[-23.692,0],[-16.753,16.753],[0,23.692],[16.753,16.753],[23.692,0]],"c":true},"ix":2},"nm":"Path 1","mn":"ADBE Vector Shape - Group","hd":false},{"ty":"fl","c":{"a":0,"k":[0.070588238537,0.698039233685,0.654901981354,1],"ix":4},"o":{"a":0,"k":50,"ix":5},"r":1,"bm":0,"nm":"Fill 1","mn":"ADBE Vector Graphic - Fill","hd":false},{"ty":"tr","p":{"a":0,"k":[250,250],"ix":2},"a":{"a":0,"k":[0,0],"ix":1},"s":{"a":0,"k":[100,100],"ix":3},"r":{"a":0,"k":0,"ix":6},"o":{"a":0,"k":100,"ix":7},"sk":{"a":0,"k":0,"ix":4},"sa":{"a":0,"k":0,"ix":5},"nm":"Transform"}],"nm":"Group 1","np":2,"cix":2,"bm":0,"ix":1,"mn":"ADBE Vector Group","hd":false},{"ty":"gr","it":[{"ind":0,"ty":"sh","ix":1,"ks":{"a":0,"k":{"i":[[4.287,4.287],[6.542,0],[4.287,-4.287],[0,-6.543],[-4.287,-4.287],[-6.543,0],[-4.287,4.287],[0,6.543]],"o":[[-4.287,-4.287],[-6.542,0],[-4.287,4.287],[0,6.542],[4.287,4.287],[6.543,0],[4.287,-4.287],[0,-6.542]],"v":[[16.753,-16.753],[0,-23.692],[-16.753,-16.753],[-23.692,0],[-16.753,16.753],[0,23.692],[16.753,16.753],[23.692,0]],"c":true},"ix":2},"nm":"Path 1","mn":"ADBE Vector Shape - Group","hd":false},{"ind":1,"ty":"sh","ix":2,"ks":{"a":0,"k":{"i":[[-6.873,0],[-4.504,-4.505],[0,-6.873],[4.505,-4.504],[6.873,0],[4.505,4.505],[0,6.873],[-4.505,4.505]],"o":[[6.873,0],[4.505,4.505],[0,6.873],[-4.505,4.505],[-6.873,0],[-4.505,-4.505],[0,-6.873],[4.505,-4.505]],"v":[[0,-24.892],[17.601,-17.601],[24.892,0],[17.601,17.601],[0,24.892],[-17.601,17.601],[-24.892,0],[-17.601,-17.601]],"c":true},"ix":2},"nm":"Path 2","mn":"ADBE Vector Shape - Group","hd":false},{"ty":"fl","c":{"a":0,"k":[0.070588238537,0.698039233685,0.654901981354,1],"ix":4},"o":{"a":0,"k":100,"ix":5},"r":1,"bm":0,"nm":"Fill 1","mn":"ADBE Vector Graphic - Fill","hd":false},{"ty":"tr","p":{"a":0,"k":[250,250],"ix":2},"a":{"a":0,"k":[0,0],"ix":1},"s":{"a":0,"k":[100,100],"ix":3},"r":{"a":0,"k":0,"ix":6},"o":{"a":0,"k":100,"ix":7},"sk":{"a":0,"k":0,"ix":4},"sa":{"a":0,"k":0,"ix":5},"nm":"Transform"}],"nm":"Group 2","np":3,"cix":2,"bm":0,"ix":2,"mn":"ADBE Vector Group","hd":false}],"ip":85,"op":535,"st":85,"bm":0},{"ddd":0,"ind":8,"ty":4,"nm":"Isolation Mode","parent":5,"sr":1,"ks":{"o":{"a":0,"k":100,"ix":11},"r":{"a":0,"k":0,"ix":10},"p":{"a":0,"k":[0,0,0],"ix":2},"a":{"a":0,"k":[250,250,0],"ix":1},"s":{"a":1,"k":[{"i":{"x":[0.41,0.41,0.41],"y":[1,1,1]},"o":{"x":[0.59,0.59,0.59],"y":[0,0,0]},"t":85,"s":[0,0,100]},{"i":{"x":[0.833,0.833,0.833],"y":[1,1,1]},"o":{"x":[0.167,0.167,0.167],"y":[0,0,0]},"t":104,"s":[320,320,100]},{"t":112,"s":[300,300,100]}],"ix":6,"x":"var $bm_rt;\nvar enable, amp, freq, decay, n, t, v;\ntry {\n    $bm_rt = enable = effect('Excite - Scale')('Pseudo/BNCA2506f0b33-0001');\n    if (enable == 0) {\n        $bm_rt = value;\n    } else {\n        amp = $bm_div(effect('Excite - Scale')('Pseudo/BNCA2506f0b33-0003'), 2.5);\n        freq = $bm_div(effect('Excite - Scale')('Pseudo/BNCA2506f0b33-0004'), 20);\n        decay = $bm_div(effect('Excite - Scale')('Pseudo/BNCA2506f0b33-0005'), 20);\n        n = 0, 0 < numKeys && (n = nearestKey(time).index, key(n).time > time && n--), t = 0 === n ? 0 : $bm_sub(time, key(n).time), $bm_rt = 0 < n ? (v = velocityAtTime($bm_sub(key(n).time, $bm_div(thisComp.frameDuration, 10))), $bm_sum(value, $bm_div($bm_mul($bm_mul($bm_div(v, 100), amp), Math.sin($bm_mul($bm_mul($bm_mul(freq, t), 2), Math.PI))), Math.exp($bm_mul(decay, t))))) : value;\n    }\n} catch (err) {\n    $bm_rt = value = value;\n}"}},"ao":0,"ef":[{"ty":5,"nm":"Excite - Scale","np":8,"mn":"Pseudo/BNCA2506f0b33","ix":1,"en":1,"ef":[{"ty":7,"nm":"Enable","mn":"Pseudo/BNCA2506f0b33-0001","ix":1,"v":{"a":0,"k":1,"ix":1}},{"ty":6,"nm":"Properties","mn":"Pseudo/BNCA2506f0b33-0002","ix":2,"v":0},{"ty":0,"nm":"Overshoot","mn":"Pseudo/BNCA2506f0b33-0003","ix":3,"v":{"a":0,"k":20,"ix":3,"x":"var $bm_rt;\n$bm_rt = clamp(value, 0, 100);"}},{"ty":0,"nm":"Bounce","mn":"Pseudo/BNCA2506f0b33-0004","ix":4,"v":{"a":0,"k":40,"ix":4,"x":"var $bm_rt;\n$bm_rt = clamp(value, 0, 100);"}},{"ty":0,"nm":"Friction","mn":"Pseudo/BNCA2506f0b33-0005","ix":5,"v":{"a":0,"k":40,"ix":5,"x":"var $bm_rt;\n$bm_rt = clamp(value, 0, 100);"}},{"ty":6,"nm":"","mn":"Pseudo/BNCA2506f0b33-0006","ix":6,"v":0}]}],"shapes":[{"ty":"gr","it":[{"ind":0,"ty":"sh","ix":1,"ks":{"a":0,"k":{"i":[[0,0],[10.785,0],[7.067,-7.067],[0,-10.785],[-7.067,-7.067],[-10.785,0],[-7.068,7.067],[0,10.785],[7.067,7.067]],"o":[[-7.067,-7.067],[-10.785,0],[-7.067,7.067],[0,10.785],[7.067,7.067],[10.785,0],[7.067,-7.067],[0,-10.785],[0,0]],"v":[[27.617,-27.617],[0,-39.056],[-27.617,-27.617],[-39.056,0],[-27.617,27.617],[0,39.056],[27.617,27.617],[39.056,-0.001],[27.617,-27.618]],"c":true},"ix":2},"nm":"Path 1","mn":"ADBE Vector Shape - Group","hd":false},{"ty":"fl","c":{"a":0,"k":[0.070588238537,0.698039233685,0.654901981354,1],"ix":4},"o":{"a":0,"k":50,"ix":5},"r":1,"bm":0,"nm":"Fill 1","mn":"ADBE Vector Graphic - Fill","hd":false},{"ty":"tr","p":{"a":0,"k":[250.001,250],"ix":2},"a":{"a":0,"k":[0,0],"ix":1},"s":{"a":0,"k":[100,100],"ix":3},"r":{"a":0,"k":0,"ix":6},"o":{"a":0,"k":100,"ix":7},"sk":{"a":0,"k":0,"ix":4},"sa":{"a":0,"k":0,"ix":5},"nm":"Transform"}],"nm":"Group 1","np":2,"cix":2,"bm":0,"ix":1,"mn":"ADBE Vector Group","hd":false},{"ty":"gr","it":[{"ind":0,"ty":"sh","ix":1,"ks":{"a":0,"k":{"i":[[0,0],[10.785,0],[7.067,-7.067],[0,-10.785],[-7.067,-7.067],[-10.785,0],[-7.068,7.067],[0,10.785],[7.067,7.067]],"o":[[-7.067,-7.067],[-10.785,0],[-7.067,7.067],[0,10.785],[7.067,7.067],[10.785,0],[7.067,-7.067],[0,-10.785],[0,0]],"v":[[27.617,-27.618],[0,-39.057],[-27.617,-27.618],[-39.056,-0.001],[-27.617,27.616],[0,39.055],[27.618,27.616],[39.057,-0.001],[27.618,-27.618]],"c":true},"ix":2},"nm":"Path 1","mn":"ADBE Vector Shape - Group","hd":false},{"ind":1,"ty":"sh","ix":2,"ks":{"a":0,"k":{"i":[[-11.116,0],[-7.285,-7.285],[0,-11.116],[7.285,-7.285],[11.116,0],[7.285,7.285],[0,11.116],[-7.285,7.285]],"o":[[11.116,0],[7.285,7.285],[0,11.116],[-7.285,7.285],[-11.116,0],[-7.285,-7.285],[0,-11.116],[7.285,-7.285]],"v":[[0,-40.257],[28.466,-28.466],[40.257,0],[28.466,28.466],[0,40.257],[-28.466,28.466],[-40.257,0],[-28.466,-28.466]],"c":true},"ix":2},"nm":"Path 2","mn":"ADBE Vector Shape - Group","hd":false},{"ty":"fl","c":{"a":0,"k":[0.070588238537,0.698039233685,0.654901981354,1],"ix":4},"o":{"a":0,"k":100,"ix":5},"r":1,"bm":0,"nm":"Fill 1","mn":"ADBE Vector Graphic - Fill","hd":false},{"ty":"tr","p":{"a":0,"k":[250,250],"ix":2},"a":{"a":0,"k":[0,0],"ix":1},"s":{"a":0,"k":[100,100],"ix":3},"r":{"a":0,"k":0,"ix":6},"o":{"a":0,"k":100,"ix":7},"sk":{"a":0,"k":0,"ix":4},"sa":{"a":0,"k":0,"ix":5},"nm":"Transform"}],"nm":"Group 2","np":3,"cix":2,"bm":0,"ix":2,"mn":"ADBE Vector Group","hd":false}],"ip":85,"op":535,"st":85,"bm":0},{"ddd":0,"ind":9,"ty":4,"nm":"Layer 4","parent":5,"sr":1,"ks":{"o":{"a":1,"k":[{"i":{"x":[0.59],"y":[1]},"o":{"x":[0.41],"y":[0]},"t":104,"s":[0]},{"t":114,"s":[100]}],"ix":11},"r":{"a":0,"k":0,"ix":10},"p":{"a":0,"k":[-1,0,0],"ix":2},"a":{"a":0,"k":[-0.333,53.787,0],"ix":1},"s":{"a":1,"k":[{"i":{"x":[0.506,0.506,0.506],"y":[1,1,1]},"o":{"x":[0.219,0.219,0.219],"y":[0.774,0.774,32.159]},"t":106,"s":[195.37,195.37,100]},{"i":{"x":[0.833,0.833,0.833],"y":[1,1,1]},"o":{"x":[0.167,0.167,0.167],"y":[0,0,0]},"t":120,"s":[320,320,100]},{"t":126,"s":[300,300,100]}],"ix":6}},"ao":0,"shapes":[{"ty":"gr","it":[{"ind":0,"ty":"sh","ix":1,"ks":{"a":0,"k":{"i":[[-1.289,0],[0,-1.289],[0,0],[1.289,0],[0,1.289],[0,0]],"o":[[1.289,0],[0,0],[0,1.289],[-1.289,0],[0,0],[0,-1.289]],"v":[[0,-4.359],[2.343,-2.016],[2.343,2.016],[0,4.359],[-2.343,2.016],[-2.343,-2.016]],"c":true},"ix":2},"nm":"Path 1","mn":"ADBE Vector Shape - Group","hd":false},{"ty":"fl","c":{"a":0,"k":[0.901960790157,0.901960790157,0.901960790157,1],"ix":4},"o":{"a":0,"k":100,"ix":5},"r":1,"bm":0,"nm":"Fill 1","mn":"ADBE Vector Graphic - Fill","hd":false},{"ty":"tr","p":{"a":0,"k":[0,0],"ix":2},"a":{"a":0,"k":[0,0],"ix":1},"s":{"a":0,"k":[100,100],"ix":3},"r":{"a":0,"k":0,"ix":6},"o":{"a":0,"k":100,"ix":7},"sk":{"a":0,"k":0,"ix":4},"sa":{"a":0,"k":0,"ix":5},"nm":"Transform"}],"nm":"Group 1","np":2,"cix":2,"bm":0,"ix":1,"mn":"ADBE Vector Group","hd":false},{"ty":"rp","c":{"a":0,"k":12,"ix":1},"o":{"a":0,"k":0,"ix":2},"m":1,"ix":2,"tr":{"ty":"tr","p":{"a":0,"k":[0,0],"ix":2},"a":{"a":0,"k":[0,53],"ix":1},"s":{"a":0,"k":[100,100],"ix":3},"r":{"a":0,"k":30,"ix":4},"so":{"a":0,"k":100,"ix":5},"eo":{"a":0,"k":100,"ix":6},"nm":"Transform"},"nm":"Repeater 1","mn":"ADBE Vector Filter - Repeater","hd":false}],"ip":85,"op":535,"st":85,"bm":0},{"ddd":0,"ind":10,"ty":4,"nm":"Layer 3","parent":5,"sr":1,"ks":{"o":{"a":1,"k":[{"i":{"x":[0.59],"y":[1]},"o":{"x":[0.167],"y":[0]},"t":106,"s":[0]},{"i":{"x":[0.833],"y":[1]},"o":{"x":[0.167],"y":[0]},"t":109,"s":[26]},{"t":116,"s":[26]}],"ix":11},"r":{"a":0,"k":0,"ix":10},"p":{"a":0,"k":[-1,0,0],"ix":2},"a":{"a":0,"k":[-0.333,53.787,0],"ix":1},"s":{"a":1,"k":[{"i":{"x":[0.506,0.506,0.506],"y":[1,1,1]},"o":{"x":[0.219,0.219,0.219],"y":[0.307,0.307,22.971]},"t":106,"s":[153.37,153.37,100]},{"t":116,"s":[378,378,100]}],"ix":6}},"ao":0,"shapes":[{"ty":"gr","it":[{"ind":0,"ty":"sh","ix":1,"ks":{"a":0,"k":{"i":[[-1.289,0],[0,-1.289],[0,0],[1.289,0],[0,1.289],[0,0]],"o":[[1.289,0],[0,0],[0,1.289],[-1.289,0],[0,0],[0,-1.289]],"v":[[0,-4.359],[2.343,-2.016],[2.343,2.016],[0,4.359],[-2.343,2.016],[-2.343,-2.016]],"c":true},"ix":2},"nm":"Path 1","mn":"ADBE Vector Shape - Group","hd":false},{"ty":"fl","c":{"a":0,"k":[0.901960790157,0.901960790157,0.901960790157,1],"ix":4},"o":{"a":0,"k":100,"ix":5},"r":1,"bm":0,"nm":"Fill 1","mn":"ADBE Vector Graphic - Fill","hd":false},{"ty":"tr","p":{"a":0,"k":[0.005,4.346],"ix":2},"a":{"a":0,"k":[0.005,-4.328],"ix":1},"s":{"a":1,"k":[{"i":{"x":[0.833,0.833],"y":[0.833,0.833]},"o":{"x":[0.167,0.167],"y":[0.167,0.167]},"t":106,"s":[100,288]},{"t":116,"s":[100,94]}],"ix":3},"r":{"a":0,"k":0,"ix":6},"o":{"a":0,"k":100,"ix":7},"sk":{"a":0,"k":0,"ix":4},"sa":{"a":0,"k":0,"ix":5},"nm":"Transform"}],"nm":"Group 1","np":2,"cix":2,"bm":0,"ix":1,"mn":"ADBE Vector Group","hd":false},{"ty":"rp","c":{"a":0,"k":12,"ix":1},"o":{"a":0,"k":0,"ix":2},"m":1,"ix":2,"tr":{"ty":"tr","p":{"a":0,"k":[0,0],"ix":2},"a":{"a":0,"k":[0,53],"ix":1},"s":{"a":0,"k":[100,100],"ix":3},"r":{"a":0,"k":30,"ix":4},"so":{"a":0,"k":100,"ix":5},"eo":{"a":0,"k":100,"ix":6},"nm":"Transform"},"nm":"Repeater 1","mn":"ADBE Vector Filter - Repeater","hd":false}],"ip":85,"op":120,"st":85,"bm":0}],"markers":[]}